0,597467.1340019311,6645451.474447804
1,596990.7586240335,6645551.638875721
2,597495.8880682578,6645523.685403257
3,597031.6645898347,6645625.839146574
4,596606.6556472123,6645409.679893976
5,596572.9425479888,6645344.653283481
6,596632.1336309167,6645304.607177491
7,595946.34018851,6644782.170106554
8,596066.7897202412,6644874.674507835
9,596003.783271668,6644713.9581720475
10,596129.2451122556,6644926.189390625
11,596120.9151705101,6644808.818227942
12,596232.8737256366,6645010.953491232
13,596289.5745623383,6645063.391146281
14,596207.4163175967,6645144.15865701
15,596227.7745272333,6645017.5949822115
16,595870.3986915165,6644732.033035128
17,597201.6010666827,6643385.450184092
18,597340.0103208917,6643321.06715087
19,597032.6329811634,6643479.687880506
20,597085.227961025,6643169.543898682
21,596913.3344040319,6643263.63251946
22,597153.7709067059,6643296.074238285
23,596982.4021865865,6643389.170549563
24,597418.761830953,6645341.286797433
25,597362.6604926764,6645210.308277799
26,597321.1635973977,6645338.071192138
27,597778.849561524,6645398.102685107
28,597886.1581699818,6645347.436570623
29,596807.4248457936,6645547.553276687
30,596918.3847111727,6645397.253465762
31,596134.9382038041,6644559.475461925
32,596206.7087070078,6644626.620218474
33,596204.7578229596,6644475.287776018
34,596088.695995441,6644613.859921937
35,596280.3482013554,6644385.134697412
36,596227.9229018452,6644352.707827588
37,596249.1985503642,6644422.562470384
38,596504.3232156464,6644106.054251194
39,596606.0791394194,6644203.18006862
40,596325.6087895951,6643932.411752112
41,596529.8230390606,6644010.633346583
42,596477.4642533591,6644194.487227168
43,596357.3470462912,6644301.169924624
44,596417.7063345655,6644420.487772057
45,596255.2967119277,6644185.1359747425
46,596388.4372558657,6644272.866484714
47,596321.3634541226,6644336.566029177
48,596671.5055434677,6644105.627285007
49,596592.4599047006,6643883.269170265
50,596563.7071190001,6643742.066484969
51,596608.5327383288,6643781.673284102
52,596416.6296721982,6643536.143863231
53,596486.4119773355,6643789.697805504
54,596399.7071637756,6643859.569462654
55,596281.5216891975,6643973.012257688
56,596138.6742715418,6643628.5710617015
57,596243.1150155873,6643630.899856006
58,596331.3876162723,6643385.661957672
59,596248.8983990565,6643393.877678019
60,596326.792509857,6643229.775850768
61,596861.6824239715,6643214.956181536
62,597232.0460624291,6643088.764838647
63,597374.652449321,6643011.379106313
64,597297.87111047,6643214.067811888
65,597192.0541956015,6643013.967304332
66,597119.405660232,6643046.733673492
67,597561.1851710822,6642796.685923167
68,597479.8933878391,6642833.774692157
69,597672.2243946274,6642746.422922594
70,597627.2469188843,6642941.254159622
71,597640.779538039,6642674.876473714
72,597784.7831772454,6642694.888549497
73,597750.4254959775,6642622.885360677
74,597918.1577687737,6643730.027957769
75,597882.4142634153,6643608.01218466
76,597834.5867708441,6643726.533388224
77,597944.9763142387,6643699.637748854
78,597864.9514878214,6643564.14178339
79,597839.5104727356,6643497.008117297
80,597797.9134353786,6643594.736714315
81,597893.5299733072,6643437.958660527
82,597814.3382801648,6643426.227252122
83,596799.0785807713,6644575.656286573
84,596917.3567650815,6644547.867937609
85,596670.9130269173,6644491.360479076
86,596855.3946617945,6644806.6056355415
87,596788.6444412426,6644531.986226494
88,597033.181525058,6644510.492750349
89,596942.0502358958,6644458.14413479
90,597107.4525316078,6644555.660347611
91,597324.943565001,6645147.556634056
92,597359.0567430952,6645084.433538351
93,597451.3898290528,6644891.259247866
94,597382.9603563582,6645032.75884181
95,597202.36453253,6644603.572263008
96,597605.2058458916,6644997.295733564
97,596256.5637116183,6643472.34719926
98,596238.7095253892,6643222.889102122
99,596203.2319563834,6643397.75986862
100,596094.4572012327,6643410.4544562
101,596019.8581436785,6643442.35553234
102,595995.3340272094,6643264.15515848
103,596944.2881363285,6643130.374669119
104,596996.2166327533,6643102.911381348
105,596583.000792242,6642999.836701323
106,596530.9727463837,6643038.060416018
107,596388.7964407097,6643156.763494758
108,596441.9890459654,6643235.087878303
109,596449.0162407837,6643098.729721215
110,596165.0133107561,6643203.693007497
111,596049.7318366845,6643159.830275531
112,596321.0235552483,6643041.593863902
113,596377.8968605627,6642992.101068476
114,596246.1196146262,6643107.665354777
115,596214.3110854811,6643149.08757417
116,596124.086153726,6643053.209356908
117,596182.0064771764,6643194.98723933
118,596553.5837045884,6642859.557317802
119,596689.6898033967,6642721.377597479
120,596173.7941126555,6642982.001806858
121,596144.5581615963,6642930.6147324
122,597019.0940330636,6643781.987328037
123,597074.9391553651,6643691.264944567
124,596923.8155992997,6643840.491709738
125,597088.0491471054,6643913.527664875
126,597157.3062918459,6643924.060914856
127,597211.8825419928,6643957.716230484
128,597341.2630204371,6644044.938868204
129,597350.3034147341,6644009.264855949
130,596697.1429629639,6643908.141699479
131,596626.8437178223,6643843.771299652
132,596757.3150136119,6643873.191958956
133,596797.1017029979,6644011.999928455
134,596989.0214318194,6643905.1509807715
135,596885.2335237849,6643802.981071854
136,596873.8477938989,6643881.176529916
137,596846.9086703728,6643954.173966392
138,596831.468655636,6644001.701641089
139,597394.7553333875,6643900.855054998
140,597468.5895690969,6643777.320128796
141,597330.605810687,6643844.561374892
142,597489.8373819514,6643695.686775273
143,597521.3415350429,6643526.551427018
144,597272.1887240949,6644179.768958518
145,597262.2908315279,6644251.28969874
146,597439.4465108439,6644342.878296868
147,597881.1220319597,6643968.605925222
148,597873.949330008,6644217.631831807
149,597904.2843331258,6643923.148137745
150,596647.4658324181,6644242.454667773
151,597190.4556642944,6644721.167301778
152,597155.6247391434,6644584.5121108815
153,596880.1658414634,6644434.885882836
154,596754.903998473,6644391.235099729
155,597158.3212379246,6644527.967388803
156,597200.9425573815,6644367.123037647
157,598489.3476318412,6645141.353325352
158,598849.55464221,6644886.88632533
159,598508.3750511482,6645191.80929038
160,598469.171511494,6645087.814013454
161,598365.8160223179,6645192.304986109
162,598434.2827411589,6644757.26288658
163,598436.8562411575,6644617.455765853
164,598438.0821577386,6644856.694182194
165,598324.7308255743,6644737.335841989
166,598478.5076724371,6644764.2002704665
167,598148.2897479563,6645291.134333714
168,598382.6521682376,6645257.921845644
169,598355.1353666593,6645126.707058003
170,597969.9862151103,6645329.741351742
171,598203.3565267322,6644729.164898866
172,598209.9140744179,6644614.020413515
173,598142.1527683919,6644724.732964464
174,598303.3386598149,6644994.323581547
175,598645.5872350858,6644784.974683431
176,598641.9977970852,6644855.619141703
177,598775.4943631184,6644801.287687992
178,598590.4929996128,6644778.804078064
179,597748.4700897958,6645050.314566373
180,597849.5682679408,6645193.998917789
181,597752.4757448627,6645185.965972821
182,598798.5541314373,6644824.655348951
183,599122.6560865961,6644651.917158107
184,598694.2727499979,6644627.411414802
185,599145.3581684548,6644625.2554680705
186,599079.4745781391,6644550.967274513
187,599270.9157916568,6644518.730478114
188,599351.0327139376,6644501.458913685
189,597320.1233958071,6642490.555186054
190,597404.6814511934,6642452.250636671
191,597392.4668675519,6642641.740430524
192,597350.3345993595,6642545.047141618
193,597474.3642412937,6642604.721291416
194,597335.4505005822,6642666.134419715
195,598990.7186158589,6644069.854503205
196,599056.5881676594,6644038.091045329
197,598925.923863475,6644098.2829591455
198,598936.4312937938,6643970.977346035
199,599065.091607829,6644185.548696586
200,599114.6811362653,6644248.447272641
201,599177.1301834593,6644192.597115216
202,599198.7262078166,6644354.409194797
203,598895.6574174417,6643921.431084804
204,598740.855870152,6643804.462948596
205,598774.3940752508,6643926.019542203
206,598628.6301835835,6643734.808141146
207,598555.907815679,6643690.7097530365
208,598690.2921620547,6643772.384710282
209,598667.950612172,6643807.186864836
210,598958.7901818377,6643278.022170176
211,599042.1308707491,6643357.621012981
212,599124.6091667463,6643298.826716363
213,598996.8109337513,6643238.315054402
214,598898.7508147862,6643346.789950943
215,599134.13507756,6643446.9548139535
216,599082.3324755069,6643328.201442416
217,599210.7387717172,6643250.438357167
218,599179.4239285397,6643261.743888015
219,598668.8540204488,6643667.34640147
220,598787.370038396,6643625.884627395
221,598613.447640274,6643609.279836404
222,599348.9929671357,6643324.151293968
223,597641.9754939027,6642529.1733672805
224,597694.2065871232,6642649.389636637
225,597585.9719696437,6642554.492812924
226,597591.1668291133,6642364.699504261
227,597702.144179667,6642500.61235093
228,597528.9859230261,6642725.465992215
229,597515.4543440874,6642401.340592093
230,597373.1933225697,6642382.688855822
231,597430.840366001,6642508.235514834
232,597454.268341871,6642106.233197368
233,597393.7222633471,6641994.704520166
234,597512.000846603,6642130.54543279
235,596986.047195139,6645315.869049024
236,596862.3420722085,6645241.527653866
237,596816.0988080649,6645037.548189582
238,596939.1796009638,6645150.398220318
239,596812.0577924696,6645292.1317255655
240,598997.5278169945,6643931.359636454
241,599017.0455430212,6643970.838310225
242,599144.2181829074,6643932.628113601
243,599144.2439015467,6644023.112802059
244,599077.5992370035,6644066.653332957
245,599230.8862788652,6643927.678241804
246,598360.0802907189,6643819.804226513
247,598462.4174601622,6643847.740140988
248,598355.5294501676,6643928.5172666125
249,598364.5017095777,6643713.2270045895
250,598248.8935219522,6643927.177542592
251,598349.5762607045,6644069.370839396
252,598533.2477566978,6643891.084116831
253,598506.163621681,6643771.478913027
254,598579.2570740747,6643814.204653422
255,598366.5513470541,6643659.053908757
256,598368.575528804,6643617.414764098
257,598251.3243093417,6643651.257744713
258,598548.3762197458,6643536.860276417
259,598491.2355032207,6643652.219764207
260,598579.9024135862,6643575.138696246
261,598250.284063834,6643818.759400587
262,598158.7518706489,6643818.135383512
263,598251.305041217,6643764.079882343
264,598094.5414638361,6643534.12589894
265,598068.2405728949,6643564.29740335
266,598429.596309444,6643445.22055336
267,598354.7848636415,6643532.938151786
268,598165.3649803137,6643287.646038503
269,598240.6047182541,6643369.841447413
270,598106.838854987,6643240.390418765
271,598357.2029416717,6643296.788910432
272,598460.2767495106,6643929.364134963
273,598459.1433398087,6643976.586792296
274,598249.5579040386,6643875.396579262
275,598243.1689140388,6644067.580394752
276,598156.9569082859,6643925.8742254665
277,598158.096846411,6643874.674140683
278,598086.9331098003,6643927.014647761
279,598450.6005358833,6644315.307434938
280,598445.1080978302,6644428.608220952
281,598458.146066178,6644070.196827105
282,598395.3890168122,6644316.011429436
283,598547.9986042468,6644271.015125314
284,598559.4896898663,6644351.543031193
285,598802.5404086896,6644154.517801193
286,598720.6657621367,6644191.786088787
287,598976.7931506427,6644189.792905059
288,598646.3299506925,6644226.215366218
289,598752.9246038143,6644261.492948938
290,598343.5408349509,6644187.648771035
291,598236.2474313097,6644187.127313732
292,598338.2400882412,6644315.327725423
293,598326.6736689568,6644612.052215663
294,598333.9836763127,6644422.655923626
295,598324.2270609668,6644672.543428248
296,598439.9587829234,6644554.241109073
297,598391.1855075839,6644425.914807609
298,598550.7886179471,6644434.418853918
299,598442.8309940539,6644491.276592976
300,598221.9926918293,6644419.213176054
301,598228.1470514074,6644314.219437611
302,598676.2995877783,6644296.439872485
303,598742.0928089472,6644590.637685529
304,598929.5346361664,6644555.656708938
305,598990.3558882953,6644628.202229764
306,598877.598939931,6644603.616047236
307,598147.773872175,6644567.447280326
308,598215.8676696023,6644512.327507831
309,598652.1963321526,6644625.420100902
310,598596.9438296568,6644623.00009532
311,599550.2672802523,6642416.383606049
312,599445.9882824012,6642347.89933807
313,599492.8353927437,6642519.162543841
314,599610.0732990762,6642453.9027764285
315,599378.1189928695,6642368.918153233
316,599368.8027012515,6642294.236891471
317,599323.2134479656,6642386.720491257
318,599280.0185417348,6642400.859933972
319,598964.5256535838,6642510.38453185
320,599083.3728982743,6642464.83948386
321,598887.5318820465,6642560.984030855
322,596879.4877807185,6644904.760284366
323,596911.6139138993,6644793.560285188
324,596784.5334128279,6643650.968982913
325,596817.7910921664,6643615.839971046
326,596864.9408062747,6643730.908792307
327,596333.8769472663,6643582.967757376
328,596163.5175304029,6643513.4031980345
329,596823.3929121168,6643557.381051542
330,598772.479097632,6645096.6249824865
331,598854.798721648,6645028.81909736
332,598849.5173621498,6644998.148976137
333,597573.3696759484,6644478.486787597
334,597644.0765063526,6644549.795998949
335,597836.0548163251,6644698.709898826
336,597495.4597670115,6644400.890120228
337,597529.7930576295,6644520.408842645
338,597129.6195475878,6644796.013270801
339,597018.1183838729,6645012.535655314
340,597069.2653251529,6644715.121977233
341,597138.7162774631,6644672.344410102
342,597070.3484558851,6644127.266290011
343,597105.9734201655,6644196.477765579
344,597117.6266718261,6644096.429729916
345,596996.9564042297,6644170.688613398
346,596817.8519620249,6644106.111055345
347,596827.4489716336,6644042.453190409
348,597210.1727619634,6644101.834329804
349,596061.4622137616,6644880.853485122
350,595704.818963315,6644509.7292915005
351,595294.01504915,6644032.600722221
352,595848.9105651829,6644411.758607993
353,595798.544346111,6644309.733803521
354,595774.7637810723,6644461.390812234
355,595883.0948615953,6644482.697425712
356,595773.7217750407,6644259.767208815
357,595857.9886341679,6644193.896260089
358,595846.7323334896,6644112.827826339
359,595837.2915356364,6644074.2616663715
360,595768.5229180026,6644580.845816145
361,595906.5522211586,6643975.414833942
362,595967.8319095047,6644005.456586467
363,595939.652224551,6643937.638138733
364,595968.4181749977,6643873.840519275
365,595911.3759692945,6643842.3015270755
366,596020.2573861539,6643796.302406607
367,595811.6238290857,6644013.68285304
368,595716.6775996994,6644060.159666551
369,595815.873429561,6643891.034452735
370,595780.2683209735,6643856.983114252
371,595683.6217876878,6643766.815165443
372,595820.4219886974,6643790.866471856
373,595875.7499300836,6643630.183220014
374,596102.2385121667,6643670.279181201
375,596084.9106378817,6643700.368516428
376,596020.8807393541,6643593.117302227
377,595557.2052444513,6643645.692969348
378,595657.6559815772,6643565.762140556
379,595515.5465241813,6643701.227983565
380,595549.6498839505,6643548.766593593
381,595633.3050824153,6643819.473331584
382,595892.184518026,6643431.669700154
383,595981.2622731241,6643369.713725621
384,595851.0146011187,6643345.993809704
385,595921.3875687574,6643494.923909487
386,596055.9791491916,6643494.978886601
387,595817.117280724,6643275.592456951
388,595721.8799727457,6643328.502048269
389,596005.2519304649,6643170.154181876
390,595784.9804185495,6643209.749374659
391,596119.5731236389,6644928.690052903
392,596426.9969196199,6645192.571505972
393,596344.5090221699,6644988.434078851
394,596401.0847444948,6644908.517905634
395,596418.7413318608,6645042.2886062
396,596285.9329243927,6644940.993977626
397,596347.5567100246,6644858.322709018
398,596440.3783995167,6644853.772295976
399,596229.0502475505,6644896.328623038
400,596295.0429283695,6644808.422142479
401,596180.2609935921,6644856.063883977
402,596198.1744095562,6644717.280949422
403,596055.9148453418,6644756.591270167
404,596502.2473178625,6644765.215867371
405,596519.8341317377,6644852.908734545
406,596554.435874394,6644690.373858618
407,596451.7883295157,6644599.19767348
408,596589.9721686457,6644840.210613515
409,596603.1958185793,6644627.086096483
410,596554.5309456264,6644404.725086908
411,597204.6872971075,6645097.454013717
412,596906.5158414687,6645015.058562135
413,598936.3944813596,6644668.786267197
414,598950.4407205677,6644430.17787874
415,599111.7561894332,6644522.996481155
416,599057.5987303471,6644468.543663501
417,599165.9913283152,6644476.004417175
418,599234.7343687377,6644415.107020351
419,597233.0841084318,6642713.738347604
420,597287.971044618,6642835.043353515
421,597082.3818906595,6642847.773759527
422,597136.9773567625,6642929.749587428
423,597040.6032466688,6642873.57450705
424,596999.1260534357,6642897.288959859
425,597011.2447121476,6642809.97680829
426,597078.5281959677,6642955.89240839
427,597229.3244642398,6642861.145268008
428,597391.10014347,6642787.917902351
429,597173.1500089243,6642741.300377757
430,597268.7143173805,6642514.86924996
431,597022.2583906836,6642414.561413964
432,599245.0830196374,6644018.729654952
433,598758.5352532755,6643587.399629143
434,598918.0367045832,6643798.219874435
435,599234.6538177099,6643752.134217038
436,598563.4153023788,6643364.60175017
437,598649.6800816847,6643414.76052981
438,598748.575049361,6643283.449542382
439,598690.5066991353,6643449.452955675
440,598817.652362526,6643336.902520155
441,598668.9485944202,6643223.109550551
442,598784.4079209736,6643236.116592579
443,598838.2275181691,6643163.28122233
444,598903.1782835667,6643225.271706657
445,598613.8695984961,6643183.569831785
446,598485.5518026601,6643288.7200761745
447,598714.4127886968,6643053.137361286
448,598688.3375001356,6643090.792552137
449,598628.2626158712,6642982.496509026
450,598767.0152793772,6643095.364510657
451,598582.5741357348,6642997.780640346
452,598714.5613628937,6642948.953287403
453,598770.9063076039,6642919.696672967
454,599062.1948409367,6642863.956634271
455,599110.364344363,6642937.557229408
456,599111.1189108068,6642832.4642366115
457,598977.0575538991,6642891.729183258
458,599377.2269985825,6643038.354474525
459,599398.8784468784,6642807.633748659
460,599472.9036595325,6642910.613086045
461,599537.6802618646,6642920.933605529
462,599498.4941947631,6642852.103394554
463,599504.0625246419,6643056.898130233
464,599584.9746629593,6643064.756425656
465,599512.9802397875,6643006.876295823
466,599453.8093571925,6643028.706561308
467,599497.1338909469,6643101.513867607
468,599578.284872762,6643106.904946038
469,599339.0062903911,6642861.558279708
470,599391.4435109918,6642640.331833248
471,599541.0304304102,6642643.376229669
472,599474.693672186,6642631.064061269
473,599616.1455109682,6642846.208968754
474,599552.3051296169,6642854.608571322
475,599171.2169042551,6642433.765505287
476,599152.8676870333,6642459.881046727
477,599223.0387332088,6642419.466034778
478,599118.0489634475,6642449.032425017
479,598748.4423834821,6642645.548984671
480,598850.7707389343,6642772.946759508
481,598804.1847190855,6642608.7080147145
482,598665.390173121,6642693.896637095
483,599158.7801640242,6642901.416814648
484,599149.9596756818,6642803.521299782
485,597800.6017851688,6642599.564824385
486,597818.5716853847,6642637.175225766
487,597715.461721709,6643438.356089274
488,597681.1588684873,6643559.743146384
489,597710.8722275523,6643614.309052476
490,597730.8847684476,6643747.881965643
491,597787.0525061785,6643825.598097947
492,597318.9000151518,6644935.926193155
493,597282.9967735283,6645003.83811809
494,597268.2534755475,6644813.393669103
495,596755.5680817176,6645315.176536889
496,596731.9053043107,6645195.652898262
497,596669.0490046972,6645387.374482853
498,597447.7588947238,6642762.601778319
499,597820.2125439456,6642938.030870681
500,597854.6616431614,6643068.203197031
501,597379.7862144065,6643163.532517028
502,596834.9542049562,6643510.409192605
503,598507.4678414441,6642807.496420102
504,598034.2044514542,6643046.505840965
505,598081.600010124,6642932.366666045
506,599594.7420332892,6643007.838418562
507,599536.3866000263,6643228.094992302
508,599542.4775351823,6643148.482027356
509,599491.7960007528,6643141.281033631
510,598135.5011904108,6644187.7630882
511,598186.3994335823,6644187.152391429
512,598174.466952008,6644313.708348563
513,598005.939900937,6644849.598801331
514,597876.8070573395,6644761.958598423
515,597948.0535822421,6644904.120382329
516,597973.7682073084,6645016.799430882
517,598014.3086851728,6644889.3853192255
518,598112.1029031938,6645238.178479929
519,598041.3911582901,6645009.883748814
520,598123.8885387687,6644981.704003028
521,598116.8177253719,6645126.204995414
522,598140.7144100739,6645015.453478215
523,598427.2092136581,6644972.8713268535
524,598609.0423772748,6645176.775987497
525,598698.2394519344,6645221.97353315
526,598691.2583596626,6645118.958193441
527,598757.3211383276,6645173.211175624
528,598443.1626555434,6645226.930589489
529,598540.9833185622,6645277.768834806
530,598480.8273730983,6645297.960261883
531,598810.8587582669,6644528.318312768
532,598807.5216694013,6644664.573262922
533,598868.344294207,6644733.941349129
534,598800.5392949572,6644305.705131421
535,598982.397814239,6644392.592905454
536,598825.839217372,6644254.113921362
537,599041.1418578235,6644319.870263382
538,598787.8260681549,6644336.707966807
539,598812.5182835998,6644383.461567029
540,596841.1175257997,6642944.087700111
541,596883.3623654802,6643055.0881697005
542,596812.2324156892,6643029.08307972
543,596776.784828053,6643090.650029095
544,596751.1974089401,6643153.243761515
545,596625.5823073307,6643159.354993843
546,596674.8973995266,6643117.234592699
547,596676.2237497743,6643221.10989137
548,596568.7388658515,6643109.015262986
549,597171.3850907009,6643547.404890044
550,597118.0727176344,6643541.2364189075
551,597052.9639075598,6643533.644266581
552,597401.2743842613,6643418.5928613525
553,597349.0179345745,6643488.230144388
554,597358.8031865892,6643406.105229841
555,597499.524527098,6643219.842011679
556,597415.394077094,6643264.823474069
557,597357.5636785546,6643275.84754641
558,597944.7735440708,6643259.7747988915
559,597905.2246322224,6643206.48443268
560,598020.047753774,6643090.405894526
561,598000.6883742064,6643307.883430637
562,598085.3233305083,6643380.296683673
563,598041.6621494095,6643341.926113784
564,598167.5664890895,6643451.32824779
565,597965.9585793382,6643516.65350643
566,598091.1588424905,6643815.496331528
567,598185.0132264924,6643764.014043754
568,598250.9911098367,6643712.061262241
569,597541.2206421916,6644149.074922937
570,597491.1055173092,6644215.496351446
571,597614.8703113776,6644210.235904132
572,598038.1698170472,6643596.046065292
573,598013.1949815266,6643621.066529702
574,597975.8668357995,6643663.486771911
575,597631.052087538,6643795.318190074
576,597637.2775201829,6643832.651526335
577,597670.4628113616,6643795.23280865
578,597644.4644924883,6643884.416619187
579,597631.0801671315,6644152.759541474
580,597722.4014005493,6644159.972342338
581,597354.2598112713,6643660.697934747
582,597281.8102675457,6643648.2081091255
583,597335.2380517796,6643745.855605854
584,597269.7109874026,6643732.255590881
585,597116.4711385634,6643617.192303242
586,597294.9579600305,6643558.116042963
587,597268.3911360833,6643788.642845346
588,597385.1445037059,6643756.349392495
589,596964.9961351341,6643671.345746514
590,596970.7883127785,6643718.3943540845
591,596846.6092287818,6643766.840193225
592,596971.764068906,6644328.207754328
593,597048.01212515,6644312.669784163
594,596992.2417440021,6644209.293758782
595,597011.7793379367,6644245.103036986
596,596823.2038801475,6644297.4432730405
597,597139.3975930705,6644262.7572821295
598,597080.1825002574,6644372.799063066
599,597171.859591763,6644326.014742254
600,597247.9147853885,6644327.433583765
601,597778.8084808445,6644412.298680805
602,597699.1548199349,6644493.401673421
603,597630.4192033592,6644422.630455045
604,598123.7958331205,6644310.882332015
605,598075.7067877044,6644188.484070637
606,598164.4091717952,6644416.0024964055
607,598153.8947934505,6644509.170496227
608,598599.0332377388,6643917.849953556
609,598659.3089763533,6643963.043682164
610,598638.7895066055,6643852.102496916
611,598702.0798364397,6643890.836939543
612,598536.5316772015,6644772.296791389
613,598539.8633842377,6644681.857383738
614,597726.4267797251,6643222.226987324
615,597670.9220882839,6643160.306512653
616,597612.5318185451,6643094.656336101
617,597776.4537797571,6643296.805610524
618,598197.3608896559,6642894.939906538
619,598455.4773610217,6642821.329788969
620,598208.084480045,6642936.997262901
621,598292.510954997,6642947.904674844
622,599322.1386141649,6642680.226867834
623,599236.0345168049,6642741.73903627
624,599284.087474645,6642917.265579934
625,599214.7628091914,6642988.83249599
626,599170.2367362378,6643036.853423944
627,599245.1625027766,6643032.410278576
628,599114.0297624839,6643096.561955014
629,599040.5283245383,6643163.050766986
630,599039.1858199388,6642987.172593576
631,595952.4597602717,6643098.771321871
632,596010.1132508463,6642968.917588366
633,596103.886879853,6642851.355483384
634,596201.2450381077,6642727.844697794
635,597396.9982323165,6643578.637885406
636,597404.8062844839,6643517.8978127055
637,598018.2066997148,6643929.862035392
638,597945.1619535773,6643777.379316835
639,596531.1417029911,6645437.0801523235
640,596495.1854628903,6645451.935252397
641,595433.1752482831,6644167.874030118
642,595524.5279719272,6644278.527650942
643,595521.6570480624,6644093.3581361575
644,595612.036142374,6644206.172550116
645,595455.408681299,6644009.991823538
646,595595.6197417126,6644032.362706596
647,595685.7458286636,6644146.721082372
648,595365.6076825245,6643899.112844609
649,595364.6706570055,6644085.008242882
650,595565.7480651045,6644328.314317917
651,595629.0067479326,6644404.118487773
652,595736.7575738186,6644211.363991549
653,595313.1824703299,6643968.849820442
654,595426.1199765049,6643819.417220544
655,595654.7640913598,6643982.3702142155
656,595689.0278662401,6644335.132725864
657,595331.8591011069,6643854.07806751
658,595473.4284758798,6643757.052401064
659,595573.9134963898,6643881.368109118
660,595729.2239661801,6643917.108323111
661,595745.5064749448,6644098.586463578
662,596628.6692298002,6645018.129577533
663,596703.1966334878,6645001.492765165
664,596519.110717939,6645041.7976727765
665,596513.2509586028,6645110.1440642495
666,596326.05761406,6644488.159475097
667,596491.3147656287,6644546.714754084
668,596407.677289286,6644657.901132461
669,596339.2520844002,6644749.25205564
670,596284.928785029,6644547.916921456
671,596289.5552769186,6644456.536226939
672,596391.0907779519,6644798.890528044
673,596290.9080427618,6644704.953054944
674,597232.437135797,6645110.09393766
675,596933.7646497728,6644891.096218372
676,596357.8066989083,6644613.360947282
677,596247.6351556594,6644764.259482143
678,596252.1653623845,6644668.592281972
679,595975.7843192418,6643550.968612995
680,596091.3523025892,6643546.2016516365
681,596226.7928183639,6644033.023839974
682,596172.3181424517,6644097.956251844
683,596344.5925517249,6644188.930690166
684,596114.9788130528,6643909.008013257
685,596054.4644426592,6643959.579667687
686,596117.9588632134,6644162.825556011
687,598730.5300262349,6643844.911187604
688,598608.7305637345,6644039.889536542
689,598727.3313366142,6644015.330835248
690,599118.2664301252,6644411.7176279
691,598994.9461679015,6644221.26433765
692,598648.945120957,6644911.547531223
693,598694.7654479631,6644883.132162092
694,599246.9603647535,6644128.81830117
695,598793.5271661291,6643896.486054428
696,597865.1258376657,6644532.528489
697,597828.4595755636,6644431.438134249
698,597942.2583975492,6644639.0914147785
699,597805.9493837509,6644657.122735818
700,597834.9411268138,6644383.025504291
701,596457.5100255862,6644711.354412091
702,596674.0414656701,6644822.139854164
703,596451.2997550395,6645065.448704255
704,596452.0331360756,6645020.059777113
705,596959.3587569266,6645000.577432353
706,596964.0242779023,6644780.126252022
707,596364.5017040827,6645139.479262083
708,596337.3104803335,6645224.238963944
709,597232.5990950337,6645324.405087831
710,597150.6985090139,6645278.192716382
711,597431.550649413,6644562.064440457
712,597469.5636685779,6644546.787537806
713,597561.2253284467,6644559.598861656
714,597475.813860858,6644261.989332475
715,597297.4864663979,6644135.538266532
716,597555.7701221212,6644345.4597051665
717,597599.5241226173,6644390.82992831
718,597606.5741420876,6644284.500105792
719,597290.6246866278,6644132.728381077
720,597001.1683242047,6644581.762745356
721,597036.4614375558,6644651.120994413
722,596940.7288693953,6644672.276314589
723,596925.1673739982,6644599.614303306
724,597132.0844286664,6644935.561931678
725,596615.3970215974,6645226.957740731
726,596529.9492382694,6645195.368302919
727,596572.9953988973,6645252.044611638
728,596529.6966598729,6645288.8184879795
729,599444.4941437591,6642556.871649504
730,596758.2660466807,6644354.647045187
731,596577.299420453,6644253.6583580775
732,597679.8751669582,6644902.026350399
733,597742.311108385,6644990.509509231
734,597637.6126494269,6644648.921380435
735,597583.0262226409,6644695.480123254
736,597509.6240733232,6644599.407482135
737,597778.4630938446,6645273.312903145
738,597052.1598568724,6644431.304648873
739,596666.3489755422,6645433.987803161
740,599216.554229729,6643444.653994273
741,598901.4485382887,6643128.357488021
742,598950.9862248688,6642986.028371521
743,595887.3746691874,6644621.170852186
744,595965.103130918,6644682.849838132
745,595825.6715319748,6644534.2383023035
746,595912.2201399929,6644540.770552545
747,595759.5039663243,6644588.990868736
748,596017.6887863886,6644653.507878145
749,595950.910763202,6644485.079505475
750,596062.9601412746,6644343.51881091
751,596112.4010548696,6644244.472122387
752,596160.7228774144,6644433.2642079545
753,596025.2456424347,6644391.217697005
754,596011.8231601776,6644292.499701238
755,596174.075523343,6644300.401462146
756,596139.4267009955,6644186.23483284
757,595962.9267114453,6644177.463853545
758,596416.6627381465,6644191.821856134
759,596214.7994368636,6644243.334116172
760,595966.7756143028,6644326.4383639665
761,596508.1952319021,6644371.89600005
762,596541.4286799972,6644319.1379677225
763,599253.8635632042,6642501.227440587
764,596177.3945017103,6644965.668062162
765,596145.1010063791,6644666.811024003
766,595959.02666122,6643318.721298021
767,595795.716627239,6643375.313033576
768,596672.6594876156,6645455.455755893
769,598729.0707703447,6643479.206099814
770,599330.8714296042,6643382.773610589
771,599356.8225419474,6644391.865608066
772,599244.6002399392,6644249.504960013
773,599267.5676143119,6644419.196685085
774,595771.3880255242,6643400.788231868
775,595750.4017042288,6643481.5344396345
776,595679.3399762709,6643450.360849522
777,595703.1710588479,6643536.032015353
778,595853.2036101719,6643502.96908015
779,595635.6112720815,6643503.802209489
780,596318.2670877964,6642901.326624237
781,596283.8434323567,6642850.026271335
782,596390.5532844696,6642859.711070072
783,596251.1549637287,6642936.170238306
784,596181.0920999955,6642909.34733984
785,596218.3889841714,6642888.880039328
786,596497.0925272991,6643057.934006912
787,596279.5837261173,6643165.447214139
788,596536.026777085,6643127.136932687
789,596601.3362849647,6643229.616747227
790,598539.9248304229,6643115.607102169
791,598715.5728677801,6642839.889800698
792,598675.0717293515,6642853.606480347
793,597913.7798952564,6643576.530544369
794,597868.4685365589,6643395.803703821
795,597293.2754714632,6642570.599436355
796,597423.6756842966,6642858.9459195845
797,596676.0474316784,6642943.520978026
798,596906.6116980396,6643680.190667101
799,597063.4249200867,6643976.793493958
800,597208.328819935,6643998.880856276
801,597212.1146760992,6644031.49200487
802,597029.3481158075,6644063.340289429
803,597045.6321770769,6644020.403610708
804,599327.621303963,6642948.873301063
805,598871.2161495519,6645122.159611904
806,598900.2175108467,6644953.732961271
807,597856.4506515248,6643811.15432492
808,597918.4933999631,6643802.4223857885
809,596805.9487474076,6642891.964829994
810,596652.4448033132,6642778.475534544
811,596871.607643531,6643514.98944753
812,595301.7548021978,6643909.679016034
813,595835.9929838273,6643570.710102259
814,596322.2288956915,6644580.870063258
815,596172.0451532773,6644971.824031861
816,597438.579988383,6643489.795898955
817,598245.24419947,6642872.190587949
818,595955.7607662223,6643719.133758232
819,595865.6621626838,6643937.636950325
820,595715.6222098893,6644373.813546328
821,595921.2257241975,6644358.8604025105
822,596475.0900853922,6645242.314351824
823,597905.415619591,6642931.4590062825
824,597109.7815556371,6643820.743790002
825,599103.4471380287,6642303.796279996
826,599018.0911370099,6642392.831975124
827,598874.7918757205,6642431.007513562
828,598876.3876574226,6642518.770477344
829,596526.2150818821,6643230.798920996
830,596041.5162924943,6643767.306421411
831,598604.4455056129,6642874.264677575
832,598539.8608865103,6642896.054353855
833,598581.5515509902,6642807.371799432
834,595995.1669377392,6644429.293682685
835,597525.6012019115,6642295.482433597
836,598411.2895690113,6643605.113216664
837,596654.0979610186,6642966.958163159
838,597274.5883264588,6642302.7843706105
839,597725.940648886,6642289.344298799
840,596483.3799080077,6642790.232025254
841,599391.6456998737,6642928.530635728
842,598353.3888795314,6642931.818930475
843,598468.7979099756,6642883.132954458
844,598563.2141652472,6642754.037532117
845,598419.9018871952,6643162.97579413
846,597370.4242513676,6641947.06236439
847,597307.5424499721,6641988.283059456
848,597433.9087831965,6642026.262244221
849,597533.6486650809,6641979.747152239
850,597638.9295584444,6642244.450626796
851,597786.754389715,6645468.8006574325
852,597720.1885172061,6645425.8943946175
853,596200.6300064703,6643872.516373565
854,596141.6100417804,6643924.919319499
855,596165.8496068487,6643832.2488918025
856,596105.9680577263,6643881.209529493
857,596772.2844158822,6644252.357561444
858,596735.631002841,6644199.812905743
859,596802.6774996718,6644154.425695454
860,596696.365941368,6644122.599482989
861,598441.6217393876,6643259.539983771
862,598378.2190129529,6643059.239869243
863,598236.65244753,6643100.638169817
864,598589.7910818567,6643494.043879966
865,598324.5349041986,6642851.669451665
866,598285.1033075963,6642903.019691821
867,598591.3583204325,6642456.117346708
868,598526.074883115,6642506.846653178
869,598648.7362787661,6642302.578353398
870,598452.8735609261,6642534.492213772
871,598366.2535527908,6643574.913598464
872,597692.6502021537,6642305.011367535
873,599254.654481119,6644297.391344925
874,599333.4811267185,6644634.602600324
875,598700.1973149104,6645263.01702214
876,597520.2339330136,6645461.596340649
877,596689.68778469,6645484.106238399
878,596342.6365533175,6642729.643852401
879,596302.2383955023,6642733.517368964
880,596476.9763461393,6642920.756990462
881,596285.3729267997,6642633.739717695
882,597829.0991772218,6642788.068441925
883,597834.1793118257,6642671.73729825
884,598223.9213674255,6643398.846623567
885,597645.3190916409,6642979.011278835
886,597444.9588364728,6643119.989740018
887,597544.6299069419,6643051.652881909
888,597572.9940363016,6643031.359153042
889,598315.133425782,6642780.222875259
890,598770.7229940685,6643510.2327530235
891,598746.9267470782,6643548.627945401
892,598726.3722633347,6643577.817385448
893,598845.975352173,6643412.833432571
894,597207.2037898523,6642093.767193301
895,597864.5460461162,6644258.000284727
896,598942.5905521141,6643833.855058636
897,599038.7714076244,6644008.6673111105
898,597788.7621542986,6642456.319414924
899,599534.4296490839,6643433.389569677
900,598859.4365699488,6644467.254513709
901,597869.9776474978,6642568.618908818
902,597665.9633229332,6642328.106209928
903,597764.0913864915,6642431.6851662155
904,598192.6137781569,6642510.351958105
905,598550.006064823,6642344.346897881
906,598469.843595865,6642383.285849315
907,598398.8256409119,6642415.246805826
908,598160.3880751433,6642437.591269668
909,598482.8450881128,6642123.363008998
910,598434.1827393236,6642310.355553227
911,598039.4192666129,6642491.554866037
912,598065.4888458836,6642555.408344739
913,597903.7576410342,6642631.5106912665
914,597489.2846594182,6642091.3559013065
915,597545.141564362,6642975.545656097
916,596627.384458571,6642938.9970433
