0.0,1.0,139.9617366758,2800.0,0.0023322292,16.67,0.15,4
1.0,6.0,195.7470981003,2800.0,0.0032617993,16.67,0.15,4
1.0,4.0,192.1981859968,2800.0,0.0032026626,16.67,0.15,4
1.0,10.0,269.979476246,2800.0,0.0044987582,16.67,0.15,4
2.0,3.0,149.6449326565,2800.0,0.0024935835,16.67,0.15,4
2.0,852.0,122.0465203142,2800.0,0.0020337019,16.67,0.15,4
2.0,12.0,467.7752576349,2800.0,0.0077946954,16.67,0.15,4
3.0,823.0,345.3021666741,2800.0,0.0057538853,16.67,0.15,4
3.0,15.0,275.1154274901,2800.0,0.0045843403,16.67,0.15,4
4.0,5.0,251.2835743533,2800.0,0.0041872221,16.67,0.15,4
4.0,33.0,503.6363669744,2800.0,0.008392261,16.67,0.15,4
5.0,823.0,268.5015082624,2800.0,0.0044741303,16.67,0.15,4
6.0,10.0,80.8425793527,2800.0,0.0013471069,16.67,0.15,4
7.0,8.0,119.4887574265,2800.0,0.0019910811,16.67,0.15,4
7.0,9.0,83.9329951036,1300.0,0.0020985347,11.11,0.15,4
8.0,12.0,337.8054093515,2800.0,0.0056289644,16.67,0.15,4
8.0,691.0,182.6297557786,1300.0,0.0045662005,11.11,0.15,4
8.0,691.0,162.947980565,1300.0,0.0040741069,11.11,0.15,4
8.0,9.0,117.9840366158,1300.0,0.0029498959,11.11,0.15,4
9.0,651.0,211.6282586974,1300.0,0.0052912356,11.11,0.15,4
10.0,11.0,100.8449339202,2800.0,0.0016804128,16.67,0.15,4
10.0,13.0,299.6321819131,2800.0,0.0049928711,16.67,0.15,4
11.0,855.0,376.5985140705,2800.0,0.0062753868,16.67,0.15,4
11.0,23.0,533.1623247351,2800.0,0.0088842619,16.67,0.15,4
12.0,16.0,197.036832594,2800.0,0.0032832906,16.67,0.15,4
12.0,15.0,296.7652916089,2800.0,0.0049450992,16.67,0.15,4
12.0,651.0,155.5249544016,2800.0,0.0025915643,16.67,0.15,4
12.0,18.0,289.7768164061,2800.0,0.0048286479,16.67,0.15,4
12.0,691.0,140.713202484,2800.0,0.0023447511,16.67,0.15,4
13.0,14.0,369.3526869959,2800.0,0.0061546472,16.67,0.15,4
14.0,23.0,152.4536731565,2800.0,0.0025403865,16.67,0.15,4
14.0,24.0,107.5165211236,2800.0,0.0017915837,16.67,0.15,4
15.0,17.0,173.1644078551,2800.0,0.0028854964,16.67,0.15,4
15.0,18.0,283.0737380672,1300.0,0.0070775512,11.11,0.15,4
16.0,29.0,146.8143876449,2800.0,0.0024464172,16.67,0.15,4
17.0,25.0,184.967573113,2800.0,0.0030821764,16.67,0.15,4
17.0,26.0,65.3383037868,2800.0,0.001088754,16.67,0.15,4
18.0,19.0,82.4047010698,2800.0,0.0013731371,16.67,0.15,4
18.0,36.0,107.3840072547,2800.0,0.0017893756,16.67,0.15,4
18.0,28.0,323.3235595707,2800.0,0.0053876485,16.67,0.15,4
19.0,28.0,233.2096859423,2800.0,0.0038860509,16.67,0.15,4
20.0,793.0,631.680109352,2800.0,0.0105258966,16.67,0.15,4
20.0,656.0,489.5191493758,2800.0,0.0081570211,16.67,0.15,4
20.0,839.0,250.3458255055,2800.0,0.0041715961,16.67,0.15,4
21.0,22.0,88.9634473758,2800.0,0.0014824276,16.67,0.15,4
21.0,23.0,86.8207892696,2800.0,0.0014467238,16.67,0.15,4
21.0,24.0,225.0026909995,2800.0,0.003749295,16.67,0.15,4
22.0,46.0,78.8187538543,2800.0,0.0013133832,16.67,0.15,4
23.0,24.0,248.0675094683,2800.0,0.0041336318,16.67,0.15,4
23.0,855.0,162.053215303,2800.0,0.0027003469,16.67,0.15,4
24.0,31.0,417.9982770604,1300.0,0.010451002,11.11,0.15,4
24.0,32.0,259.9241487852,5250.0,0.0032493768,22.22,0.15,4
24.0,801.0,211.6956256614,1300.0,0.0052929199,11.11,0.15,4
24.0,802.0,130.8383757213,2800.0,0.0021802036,16.67,0.15,4
25.0,35.0,317.0874901495,1300.0,0.0079279801,11.11,0.15,4
25.0,26.0,174.7677296807,2800.0,0.0029122131,16.67,0.15,4
25.0,845.0,366.2611452629,2800.0,0.0061031318,16.67,0.15,4
25.0,41.0,176.1966741694,1300.0,0.0044053574,11.11,0.15,4
26.0,33.0,625.2864771247,2800.0,0.0104193574,16.67,0.15,4
27.0,28.0,187.3659756526,2800.0,0.0031221418,16.67,0.15,4
27.0,29.0,127.1611296048,2800.0,0.0021189284,16.67,0.15,4
27.0,30.0,314.8578040152,2800.0,0.0052465808,16.67,0.15,4
28.0,45.0,209.1109994659,2800.0,0.0034844864,16.67,0.15,4
28.0,35.0,288.9489796431,2800.0,0.0048148534,16.67,0.15,4
28.0,54.0,266.0560093296,2800.0,0.0044333801,16.67,0.15,4
28.0,55.0,298.5837048369,2800.0,0.0049754,16.67,0.15,4
29.0,711.0,174.221257396,2800.0,0.002903107,16.67,0.15,4
29.0,846.0,200.3999773772,2800.0,0.0033393318,16.67,0.15,4
29.0,712.0,167.4163603441,2800.0,0.0027897147,16.67,0.15,4
30.0,701.0,84.5345515594,2800.0,0.0014086275,16.67,0.15,4
30.0,54.0,109.7121886001,2800.0,0.0018281708,16.67,0.15,4
31.0,639.0,122.2712677973,2800.0,0.002037447,16.67,0.15,4
31.0,640.0,217.5909191644,1300.0,0.005440317,11.11,0.15,4
31.0,801.0,205.2724518446,1300.0,0.0051323245,11.11,0.15,4
31.0,724.0,154.1119277951,1300.0,0.0038531835,11.11,0.15,4
32.0,33.0,302.9556166906,2800.0,0.0050482506,16.67,0.15,4
32.0,39.0,232.5245619357,8750.0,0.0029068477,22.22,0.15,4
32.0,48.0,269.7991577954,2800.0,0.0044957535,16.67,0.15,4
32.0,43.0,253.8654392865,2800.0,0.0042302446,16.67,0.15,4
32.0,44.0,123.2460295407,2800.0,0.0020536898,16.67,0.15,4
32.0,34.0,285.294375151,10500.0,0.0035665363,22.22,0.15,4
34.0,845.0,148.6135392864,2800.0,0.002476397,16.67,0.15,4
34.0,38.0,129.1093853,2800.0,0.0021513928,16.67,0.15,4
34.0,41.0,237.3847429217,10500.0,0.002967606,22.22,0.15,4
35.0,36.0,131.9552901382,2800.0,0.0021988151,16.67,0.15,4
35.0,36.0,221.6369667262,1300.0,0.0055414783,11.11,0.15,4
35.0,37.0,159.316346524,2800.0,0.0026547415,16.67,0.15,4
35.0,37.0,167.3882158556,2800.0,0.0027892457,16.67,0.15,4
37.0,45.0,183.895733424,2800.0,0.003064316,16.67,0.15,4
37.0,45.0,292.6645711402,2800.0,0.0048767675,16.67,0.15,4
37.0,41.0,330.5990823007,10500.0,0.0041329018,22.22,0.15,4
37.0,65.0,247.1823000603,5250.0,0.0030900878,22.22,0.15,4
38.0,39.0,69.8780412976,2800.0,0.0011644011,16.67,0.15,4
38.0,40.0,98.5457774855,2800.0,0.0016421012,16.67,0.15,4
39.0,47.0,96.6358816017,8750.0,0.0012080693,22.22,0.15,4
39.0,48.0,79.147575668,2800.0,0.0013188625,16.67,0.15,4
40.0,47.0,93.9434021202,2800.0,0.0015654103,16.67,0.15,4
40.0,42.0,92.7979639263,2800.0,0.0015463235,16.67,0.15,4
41.0,42.0,142.9143939547,2800.0,0.0023814303,16.67,0.15,4
42.0,49.0,145.9980611026,2800.0,0.0024328145,16.67,0.15,4
42.0,50.0,91.7170997199,2800.0,0.0015283127,16.67,0.15,4
43.0,715.0,222.4228328944,2800.0,0.003706306,16.67,0.15,4
43.0,715.0,250.8621558072,2800.0,0.0041801999,16.67,0.15,4
43.0,716.0,155.2103347056,2800.0,0.0025863216,16.67,0.15,4
43.0,720.0,281.9016889648,2800.0,0.004697422,16.67,0.15,4
43.0,800.0,155.6471674134,2800.0,0.0025936007,16.67,0.15,4
43.0,44.0,231.9874548377,2800.0,0.0038656844,16.67,0.15,4
44.0,802.0,119.6199136117,2800.0,0.0019932666,16.67,0.15,4
45.0,57.0,137.7038920439,2800.0,0.0022946059,16.67,0.15,4
45.0,55.0,338.602265068,2800.0,0.0056422426,16.67,0.15,4
45.0,786.0,154.0422644329,2800.0,0.0025668577,16.67,0.15,4
46.0,639.0,175.1101874594,2800.0,0.0029179195,16.67,0.15,4
47.0,49.0,130.072445067,8750.0,0.0016260682,22.22,0.15,4
48.0,781.0,65.1735672207,2800.0,0.0010860089,16.67,0.15,4
49.0,58.0,187.4220580997,8750.0,0.00234301,22.22,0.15,4
49.0,717.0,118.971363839,2800.0,0.0019824596,16.67,0.15,4
49.0,781.0,156.2702214038,2800.0,0.0026039829,16.67,0.15,4
51.0,52.0,116.5730200967,2800.0,0.0019424952,16.67,0.15,4
51.0,53.0,123.2268432608,2800.0,0.00205337,16.67,0.15,4
51.0,712.0,401.1024414024,2800.0,0.0066837039,16.67,0.15,4
51.0,701.0,252.4249210451,2800.0,0.0042062408,16.67,0.15,4
52.0,56.0,93.0116732296,2800.0,0.0015498846,16.67,0.15,4
53.0,63.0,113.1629966956,2800.0,0.0018856728,16.67,0.15,4
54.0,55.0,191.4183178996,2800.0,0.0031896674,16.67,0.15,4
54.0,56.0,272.6112217713,2800.0,0.0045426118,16.67,0.15,4
55.0,66.0,199.866516732,2800.0,0.0033304425,16.67,0.15,4
55.0,61.0,274.1348263178,2800.0,0.0045680002,16.67,0.15,4
55.0,75.0,418.8719700499,2800.0,0.0069798035,16.67,0.15,4
55.0,786.0,147.0896912457,2800.0,0.0024510047,16.67,0.15,4
55.0,59.0,198.8569826955,2800.0,0.0033136203,16.67,0.15,4
55.0,70.0,236.550356061,2800.0,0.0039417176,16.67,0.15,4
56.0,59.0,151.9006837249,2800.0,0.0025311718,16.67,0.15,4
56.0,60.0,187.7147352577,2800.0,0.0031279533,16.67,0.15,4
57.0,61.0,155.050378717,2800.0,0.0025836562,16.67,0.15,4
57.0,62.0,139.3825341048,2800.0,0.0023225777,16.67,0.15,4
58.0,65.0,100.7116803654,1300.0,0.0025180438,11.11,0.15,4
58.0,735.0,129.9473887878,2800.0,0.0021653567,16.67,0.15,4
58.0,736.0,316.596063517,2800.0,0.0052755459,16.67,0.15,4
59.0,60.0,205.3339699852,2800.0,0.0034215485,16.67,0.15,4
60.0,64.0,162.3423476522,2800.0,0.0027051648,16.67,0.15,4
60.0,67.0,146.7678120804,2800.0,0.0024456411,16.67,0.15,4
60.0,68.0,193.9954213021,2800.0,0.0032326105,16.67,0.15,4
60.0,70.0,196.0694397865,2800.0,0.0032671706,16.67,0.15,4
61.0,780.0,306.2690449724,2800.0,0.0051034634,16.67,0.15,4
61.0,737.0,166.4768975002,2800.0,0.0027740601,16.67,0.15,4
63.0,64.0,157.030495613,2800.0,0.0026166516,16.67,0.15,4
63.0,696.0,147.972530293,2800.0,0.0024657157,16.67,0.15,4
65.0,780.0,304.5141262971,2800.0,0.0050742206,16.67,0.15,4
66.0,737.0,127.519135054,2800.0,0.0021248939,16.67,0.15,4
67.0,69.0,193.930948179,2800.0,0.0032315362,16.67,0.15,4
68.0,75.0,144.4401380908,2800.0,0.0024068543,16.67,0.15,4
68.0,75.0,168.0880316686,2800.0,0.002800907,16.67,0.15,4
68.0,69.0,276.7596151217,2800.0,0.0046117379,16.67,0.15,4
69.0,82.0,266.6010960849,2800.0,0.0044424631,16.67,0.15,4
69.0,82.0,222.1882203861,2800.0,0.0037023965,16.67,0.15,4
69.0,84.0,357.0290627773,2800.0,0.0059492945,16.67,0.15,4
69.0,83.0,352.259488185,2800.0,0.0058698175,16.67,0.15,4
69.0,87.0,353.8533077916,2800.0,0.0058963759,16.67,0.15,4
69.0,702.0,260.2805514864,2800.0,0.0043371418,16.67,0.15,4
69.0,75.0,464.5246308941,2800.0,0.0077405291,16.67,0.15,4
70.0,75.0,178.6919572803,2800.0,0.0029776038,16.67,0.15,4
71.0,725.0,140.9136976393,2800.0,0.002348092,16.67,0.15,4
71.0,717.0,139.7930296374,2800.0,0.0023294179,16.67,0.15,4
72.0,73.0,217.7081497298,2800.0,0.0036277436,16.67,0.15,4
72.0,74.0,225.150010637,2800.0,0.0037517498,16.67,0.15,4
72.0,780.0,160.8076928874,2800.0,0.0026795923,16.67,0.15,4
73.0,79.0,94.7599372833,2800.0,0.0015790165,16.67,0.15,4
74.0,80.0,131.0760774313,2800.0,0.0021841645,16.67,0.15,4
74.0,81.0,137.8078199052,2800.0,0.0022963377,16.67,0.15,4
74.0,76.0,161.0916026535,2800.0,0.0026843232,16.67,0.15,4
74.0,780.0,376.5914968734,2800.0,0.0062752699,16.67,0.15,4
75.0,78.0,197.5005328389,2800.0,0.0032910173,16.67,0.15,4
75.0,82.0,284.9522078927,2800.0,0.0047482538,16.67,0.15,4
75.0,94.0,338.8545974689,2800.0,0.0056464473,16.67,0.15,4
75.0,94.0,280.8948721428,2800.0,0.0046806451,16.67,0.15,4
75.0,738.0,223.978852114,2800.0,0.0037322344,16.67,0.15,4
75.0,91.0,264.3647397818,2800.0,0.004405198,16.67,0.15,4
76.0,780.0,259.6147478864,2800.0,0.0043260473,16.67,0.15,4
76.0,77.0,141.7996199483,2800.0,0.0023628544,16.67,0.15,4
76.0,737.0,102.2405739589,2800.0,0.0017036688,16.67,0.15,4
76.0,738.0,150.7058953834,2800.0,0.0025112627,16.67,0.15,4
77.0,81.0,141.1840684558,2800.0,0.0023525973,16.67,0.15,4
77.0,78.0,179.9366642985,2800.0,0.0029983447,16.67,0.15,4
78.0,96.0,225.6012829332,2800.0,0.0037592695,16.67,0.15,4
78.0,738.0,173.3763304542,2800.0,0.0028890277,16.67,0.15,4
78.0,78.0,172.175248444,2800.0,0.0028690137,16.67,0.15,4
78.0,78.0,172.175248444,2800.0,0.0028690137,16.67,0.15,4
79.0,80.0,184.8630055331,2800.0,0.003080434,16.67,0.15,4
80.0,88.0,120.8509053549,2800.0,0.002013779,16.67,0.15,4
81.0,88.0,149.353607994,2800.0,0.0024887291,16.67,0.15,4
81.0,98.0,354.2039327332,2800.0,0.0059022184,16.67,0.15,4
82.0,83.0,257.2948500528,2800.0,0.00428739,16.67,0.15,4
82.0,90.0,178.9666090855,2800.0,0.0029821804,16.67,0.15,4
83.0,93.0,236.4524394434,2800.0,0.003940086,16.67,0.15,4
83.0,97.0,190.7638077521,2800.0,0.003178761,16.67,0.15,4
83.0,97.0,245.0067131021,2800.0,0.0040826287,16.67,0.15,4
83.0,90.0,187.0978562804,2800.0,0.0031176741,16.67,0.15,4
83.0,87.0,309.8639346409,2800.0,0.0051633662,16.67,0.15,4
83.0,841.0,127.2735239104,2800.0,0.0021208012,16.67,0.15,4
83.0,89.0,138.8662732222,2800.0,0.0023139751,16.67,0.15,4
84.0,86.0,90.1053527063,2800.0,0.0015014556,16.67,0.15,4
84.0,702.0,122.8857071885,2800.0,0.0020476856,16.67,0.15,4
84.0,106.0,244.1803612152,2800.0,0.0040688589,16.67,0.15,4
85.0,86.0,91.7122351384,2800.0,0.0015282316,16.67,0.15,4
85.0,87.0,176.8105510848,2800.0,0.0029462533,16.67,0.15,4
85.0,87.0,211.352864111,2800.0,0.0035218434,16.67,0.15,4
86.0,106.0,153.1650808445,2800.0,0.0025522409,16.67,0.15,4
87.0,89.0,167.626485138,2800.0,0.0027932161,16.67,0.15,4
87.0,100.0,284.5225658503,2800.0,0.0047410945,16.67,0.15,4
87.0,713.0,259.6490485081,2800.0,0.0043266188,16.67,0.15,4
87.0,841.0,126.1078933535,2800.0,0.0021013779,16.67,0.15,4
87.0,816.0,221.6188443287,2800.0,0.0036929088,16.67,0.15,4
89.0,92.0,65.5881618205,2800.0,0.0010929174,16.67,0.15,4
90.0,91.0,167.1669778195,2800.0,0.0027855592,16.67,0.15,4
91.0,91.0,111.8603389648,2800.0,0.0018639662,16.67,0.15,4
91.0,91.0,111.8603389648,2800.0,0.0018639662,16.67,0.15,4
91.0,97.0,282.6386951845,2800.0,0.004709703,16.67,0.15,4
92.0,100.0,96.1411475358,2800.0,0.0016020321,16.67,0.15,4
93.0,97.0,234.167530585,2800.0,0.0039020118,16.67,0.15,4
93.0,102.0,159.7845514099,2800.0,0.0026625433,16.67,0.15,4
93.0,100.0,107.5811201296,2800.0,0.0017926601,16.67,0.15,4
94.0,95.0,220.8836942317,2800.0,0.0036806588,16.67,0.15,4
94.0,96.0,192.8757489595,2800.0,0.003213953,16.67,0.15,4
94.0,97.0,304.4976932976,2800.0,0.0050739468,16.67,0.15,4
95.0,97.0,260.3579444279,2800.0,0.0043384314,16.67,0.15,4
95.0,101.0,188.0094248018,2800.0,0.0031328638,16.67,0.15,4
96.0,98.0,159.5033303366,2800.0,0.0026578573,16.67,0.15,4
96.0,99.0,275.4739664663,2800.0,0.0045903147,16.67,0.15,4
97.0,102.0,269.2886068993,2800.0,0.004487246,16.67,0.15,4
97.0,102.0,297.3173835229,2800.0,0.0049542989,16.67,0.15,4
97.0,102.0,338.884488114,2800.0,0.0056469454,16.67,0.15,4
97.0,101.0,248.4394488717,2800.0,0.0041398295,16.67,0.15,4
97.0,101.0,272.5126926394,2800.0,0.00454097,16.67,0.15,4
98.0,107.0,406.9863180851,2800.0,0.006781749,16.67,0.15,4
98.0,103.0,136.0722364266,2800.0,0.0022674171,16.67,0.15,4
98.0,692.0,147.7280499412,2800.0,0.0024616418,16.67,0.15,4
99.0,692.0,127.3107069539,2800.0,0.0021214208,16.67,0.15,4
99.0,101.0,173.0006240729,2800.0,0.0028827672,16.67,0.15,4
99.0,809.0,107.2301852919,2800.0,0.0017868124,16.67,0.15,4
99.0,808.0,152.7698067432,2800.0,0.0025456543,16.67,0.15,4
101.0,107.0,326.5996544886,2800.0,0.0054422391,16.67,0.15,4
101.0,107.0,247.2794419909,2800.0,0.0041204999,16.67,0.15,4
101.0,110.0,281.9181961293,2800.0,0.0046976971,16.67,0.15,4
101.0,110.0,301.9388735003,2800.0,0.0050313083,16.67,0.15,4
101.0,102.0,345.2985958209,2800.0,0.0057538258,16.67,0.15,4
101.0,808.0,107.7160472291,2800.0,0.0017949085,16.67,0.15,4
102.0,111.0,439.0004221023,2800.0,0.0073152107,16.67,0.15,4
102.0,110.0,153.9511876043,2800.0,0.0025653401,16.67,0.15,4
102.0,694.0,215.0286919868,2800.0,0.0035830949,16.67,0.15,4
102.0,816.0,357.6958161699,2800.0,0.0059604049,16.67,0.15,4
102.0,693.0,216.8137189289,2800.0,0.0036128394,16.67,0.15,4
103.0,104.0,82.6288078838,2800.0,0.0013768714,16.67,0.15,4
104.0,108.0,257.7593024683,2800.0,0.0042951293,16.67,0.15,4
105.0,106.0,600.1199473967,2800.0,0.0099999991,16.67,0.15,4
105.0,777.0,103.5506488519,2800.0,0.001725499,16.67,0.15,4
105.0,825.0,183.8199448348,2800.0,0.0030630531,16.67,0.15,4
105.0,824.0,529.4959158353,2800.0,0.0088231673,16.67,0.15,4
105.0,834.0,379.2507832305,2800.0,0.0063195825,16.67,0.15,4
106.0,696.0,418.4140587849,2800.0,0.0069721732,16.67,0.15,4
106.0,824.0,135.4324654719,2800.0,0.0022567564,16.67,0.15,4
107.0,108.0,177.1408436783,2800.0,0.002951757,16.67,0.15,4
107.0,808.0,165.8523612526,2800.0,0.0027636533,16.67,0.15,4
107.0,809.0,121.6169728668,2800.0,0.0020265442,16.67,0.15,4
107.0,113.0,439.3915008494,2800.0,0.0073217273,16.67,0.15,4
109.0,110.0,282.8773830162,2800.0,0.0047136803,16.67,0.15,4
109.0,111.0,142.0561635922,2800.0,0.0023671293,16.67,0.15,4
109.0,111.0,133.4438098104,2800.0,0.0022236188,16.67,0.15,4
109.0,112.0,92.24830631,2800.0,0.0015371643,16.67,0.15,4
109.0,113.0,245.7903206591,2800.0,0.0040956862,16.67,0.15,4
110.0,111.0,374.8830430293,2800.0,0.0062468014,16.67,0.15,4
111.0,693.0,244.6943030286,2800.0,0.0040774229,16.67,0.15,4
111.0,693.0,273.2507118694,2800.0,0.0045532679,16.67,0.15,4
111.0,119.0,146.5371963624,2800.0,0.0024417982,16.67,0.15,4
111.0,116.0,134.5817311118,2800.0,0.0022425803,16.67,0.15,4
111.0,124.0,178.9329865652,2800.0,0.0029816201,16.67,0.15,4
111.0,117.0,342.1180083577,2800.0,0.0057008266,16.67,0.15,4
111.0,112.0,142.2862842238,2800.0,0.0023709639,16.67,0.15,4
111.0,121.0,169.2088006673,2800.0,0.0028195828,16.67,0.15,4
111.0,138.0,383.7936126189,2800.0,0.0063952812,16.67,0.15,4
112.0,123.0,221.5940197376,2800.0,0.0036924952,16.67,0.15,4
112.0,121.0,65.3399847317,2800.0,0.001088782,16.67,0.15,4
113.0,123.0,98.7617714014,2800.0,0.0016457004,16.67,0.15,4
114.0,115.0,104.4611429872,2800.0,0.0017406709,16.67,0.15,4
114.0,116.0,158.5209325131,2800.0,0.0026414872,16.67,0.15,4
114.0,117.0,237.8660710551,2800.0,0.0039636418,16.67,0.15,4
115.0,695.0,89.3234522884,2800.0,0.0014884265,16.67,0.15,4
116.0,118.0,127.1544808617,2800.0,0.0021188176,16.67,0.15,4
116.0,118.0,180.4055552224,2800.0,0.003006158,16.67,0.15,4
117.0,777.0,213.7056254488,2800.0,0.0035610482,16.67,0.15,4
117.0,776.0,273.4490291032,2800.0,0.0045565725,16.67,0.15,4
117.0,694.0,114.0256598086,2800.0,0.0019000477,16.67,0.15,4
118.0,120.0,137.3358591923,2800.0,0.0022884733,16.67,0.15,4
119.0,124.0,100.0625152564,2800.0,0.0016673751,16.67,0.15,4
119.0,125.0,124.2309175984,2800.0,0.0020701013,16.67,0.15,4
120.0,695.0,229.6415066596,2800.0,0.0038265931,16.67,0.15,4
120.0,134.0,119.1880764936,2800.0,0.0019860707,16.67,0.15,4
121.0,122.0,79.2647430821,2800.0,0.0013208149,16.67,0.15,4
121.0,123.0,196.5295436613,2800.0,0.0032748374,16.67,0.15,4
122.0,126.0,96.8346559475,2800.0,0.0016135882,16.67,0.15,4
122.0,124.0,88.0046205505,2800.0,0.0014664504,16.67,0.15,4
123.0,130.0,200.3261737627,2800.0,0.0033381019,16.67,0.15,4
124.0,127.0,81.0115740073,2800.0,0.0013499229,16.67,0.15,4
125.0,127.0,100.9071075354,2800.0,0.0016814488,16.67,0.15,4
125.0,138.0,105.8080189853,2800.0,0.0017631144,16.67,0.15,4
126.0,136.0,104.7517761987,2800.0,0.0017455138,16.67,0.15,4
126.0,130.0,208.9945870982,2800.0,0.0034825466,16.67,0.15,4
127.0,131.0,114.9834682599,2800.0,0.0019160079,16.67,0.15,4
128.0,129.0,371.1578369865,2800.0,0.006184727,16.67,0.15,4
128.0,842.0,389.6248920819,2800.0,0.0064924497,16.67,0.15,4
128.0,812.0,150.1137181295,2800.0,0.002501395,16.67,0.15,4
129.0,132.0,128.6978995241,2800.0,0.0021445361,16.67,0.15,4
129.0,695.0,149.8330763697,2800.0,0.0024967186,16.67,0.15,4
129.0,146.0,210.1426115567,2800.0,0.0035016765,16.67,0.15,4
130.0,141.0,213.0462245691,2800.0,0.0035500604,16.67,0.15,4
130.0,136.0,180.4073301977,2800.0,0.0030061876,16.67,0.15,4
131.0,136.0,94.5598960596,2800.0,0.0015756831,16.67,0.15,4
131.0,138.0,115.4938296247,2800.0,0.0019245123,16.67,0.15,4
132.0,133.0,113.0457982815,2800.0,0.0018837199,16.67,0.15,4
132.0,134.0,128.4606218999,2800.0,0.0021405822,16.67,0.15,4
132.0,135.0,99.9973501113,2800.0,0.0016662892,16.67,0.15,4
133.0,142.0,188.9363814041,2800.0,0.00314831,16.67,0.15,4
133.0,143.0,143.0483472684,2800.0,0.0023836624,16.67,0.15,4
134.0,137.0,178.8952742644,2800.0,0.0029809917,16.67,0.15,4
134.0,137.0,157.8529869571,2800.0,0.002630357,16.67,0.15,4
134.0,138.0,122.6110781382,2800.0,0.0020431093,16.67,0.15,4
136.0,140.0,151.7533384727,2800.0,0.0025287166,16.67,0.15,4
137.0,151.0,142.4848589677,2800.0,0.0023742728,16.67,0.15,4
137.0,144.0,122.2313208987,2800.0,0.0020367813,16.67,0.15,4
138.0,139.0,188.3461367953,2800.0,0.0031384746,16.67,0.15,4
138.0,144.0,113.3613035284,2800.0,0.0018889773,16.67,0.15,4
139.0,147.0,104.3557134421,2800.0,0.0017389141,16.67,0.15,4
139.0,150.0,116.8870231086,2800.0,0.0019477275,16.67,0.15,4
140.0,147.0,89.9160663205,2800.0,0.0014983014,16.67,0.15,4
140.0,148.0,118.8117500439,2800.0,0.0019797999,16.67,0.15,4
140.0,141.0,167.8029105231,2800.0,0.0027961559,16.67,0.15,4
141.0,165.0,238.1240800421,2800.0,0.0039679411,16.67,0.15,4
142.0,153.0,121.6832363781,2800.0,0.0020276484,16.67,0.15,4
143.0,154.0,194.6137478522,2800.0,0.0032429139,16.67,0.15,4
143.0,151.0,116.931841226,2800.0,0.0019484743,16.67,0.15,4
144.0,152.0,79.6066212216,2800.0,0.0013265117,16.67,0.15,4
145.0,146.0,335.1262349791,2800.0,0.0055843204,16.67,0.15,4
145.0,153.0,219.2773660247,2800.0,0.003653892,16.67,0.15,4
145.0,163.0,251.2813793497,2800.0,0.0041871856,16.67,0.15,4
146.0,834.0,205.896447475,2800.0,0.0034309213,16.67,0.15,4
147.0,149.0,104.9357797471,2800.0,0.0017485799,16.67,0.15,4
148.0,149.0,104.9042230232,2800.0,0.0017480541,16.67,0.15,4
148.0,156.0,143.8257907256,2800.0,0.0023966172,16.67,0.15,4
149.0,150.0,121.3131718451,2800.0,0.0020214819,16.67,0.15,4
149.0,156.0,241.585646768,2800.0,0.0040256223,16.67,0.15,4
150.0,157.0,134.7387009224,2800.0,0.002245196,16.67,0.15,4
151.0,152.0,166.8158620384,2800.0,0.0027797084,16.67,0.15,4
152.0,158.0,109.7115012998,2800.0,0.0018281594,16.67,0.15,4
153.0,154.0,290.3944154086,2800.0,0.0048389391,16.67,0.15,4
153.0,155.0,224.9136250187,2800.0,0.0037478109,16.67,0.15,4
154.0,158.0,184.2212442457,2800.0,0.0030697401,16.67,0.15,4
154.0,159.0,162.8096758015,2800.0,0.002712952,16.67,0.15,4
155.0,163.0,118.133043048,2800.0,0.0019684904,16.67,0.15,4
155.0,162.0,180.3530060128,2800.0,0.0030052824,16.67,0.15,4
155.0,164.0,273.675428086,2800.0,0.0045603451,16.67,0.15,4
156.0,157.0,204.7203701253,2800.0,0.0034113239,16.67,0.15,4
156.0,168.0,168.1312698558,2800.0,0.0028016275,16.67,0.15,4
156.0,165.0,160.4849543425,2800.0,0.0026742144,16.67,0.15,4
157.0,167.0,190.4989608547,2800.0,0.0031743478,16.67,0.15,4
157.0,160.0,128.8250995631,2800.0,0.0021466557,16.67,0.15,4
157.0,158.0,139.4644207228,2800.0,0.0023239422,16.67,0.15,4
159.0,160.0,117.6884226932,2800.0,0.0019610815,16.67,0.15,4
159.0,161.0,226.7654340131,2800.0,0.0037786682,16.67,0.15,4
159.0,162.0,132.6692529537,2800.0,0.0022107121,16.67,0.15,4
161.0,172.0,90.3131752818,2800.0,0.0015049186,16.67,0.15,4
161.0,174.0,113.3647254889,2800.0,0.0018890343,16.67,0.15,4
163.0,178.0,196.7745007604,2800.0,0.0032789192,16.67,0.15,4
164.0,178.0,142.7813724042,2800.0,0.0023792137,16.67,0.15,4
164.0,174.0,131.6544113295,2800.0,0.0021938014,16.67,0.15,4
165.0,166.0,144.4480051182,2800.0,0.0024069854,16.67,0.15,4
166.0,175.0,109.6627195062,2800.0,0.0018273465,16.67,0.15,4
166.0,168.0,109.5862124072,2800.0,0.0018260717,16.67,0.15,4
167.0,170.0,82.9071251092,2800.0,0.0013815091,16.67,0.15,4
167.0,171.0,209.2940471586,2800.0,0.0034875366,16.67,0.15,4
167.0,172.0,141.6933833955,2800.0,0.0023610842,16.67,0.15,4
167.0,815.0,76.236424866,2800.0,0.001270353,16.67,0.15,4
168.0,169.0,87.4542329915,2800.0,0.0014572791,16.67,0.15,4
168.0,170.0,161.8194091988,2800.0,0.0026964509,16.67,0.15,4
169.0,175.0,94.3070916141,2800.0,0.0015714706,16.67,0.15,4
169.0,176.0,125.4496712231,2800.0,0.0020904098,16.67,0.15,4
169.0,177.0,168.4940872496,2800.0,0.0028076733,16.67,0.15,4
171.0,177.0,144.0674228111,2800.0,0.0024006436,16.67,0.15,4
171.0,189.0,137.8747645139,2800.0,0.0022974533,16.67,0.15,4
172.0,173.0,158.9386856297,2800.0,0.0026484484,16.67,0.15,4
173.0,180.0,264.4213676448,2800.0,0.0044061416,16.67,0.15,4
173.0,181.0,84.3354225444,2800.0,0.0014053093,16.67,0.15,4
174.0,181.0,133.8124841297,2800.0,0.0022297621,16.67,0.15,4
174.0,182.0,178.1741330571,2800.0,0.0029689751,16.67,0.15,4
174.0,182.0,168.1167978929,2800.0,0.0028013864,16.67,0.15,4
175.0,179.0,187.6780608708,2800.0,0.0031273422,16.67,0.15,4
176.0,177.0,98.7724122268,2800.0,0.0016458777,16.67,0.15,4
176.0,184.0,125.282270118,2800.0,0.0020876203,16.67,0.15,4
176.0,179.0,117.8186097812,2800.0,0.0019632508,16.67,0.15,4
177.0,184.0,135.0808880564,2800.0,0.002250898,16.67,0.15,4
178.0,185.0,276.5960709653,2800.0,0.0046090127,16.67,0.15,4
179.0,184.0,167.5720917819,2800.0,0.0027923097,16.67,0.15,4
179.0,191.0,184.1396874864,2800.0,0.0030683811,16.67,0.15,4
179.0,192.0,306.3459538145,2800.0,0.0051047449,16.67,0.15,4
180.0,815.0,198.6417247304,2800.0,0.0033100334,16.67,0.15,4
180.0,183.0,252.6899169725,2800.0,0.0042106565,16.67,0.15,4
180.0,187.0,253.4277339709,2800.0,0.004222951,16.67,0.15,4
180.0,181.0,222.5510662153,2800.0,0.0037084427,16.67,0.15,4
180.0,186.0,221.2042644015,2800.0,0.0036860005,16.67,0.15,4
180.0,195.0,229.0777301525,2800.0,0.0038171987,16.67,0.15,4
181.0,183.0,201.067034632,2800.0,0.0033504472,16.67,0.15,4
182.0,183.0,178.4800944254,2800.0,0.0029740734,16.67,0.15,4
182.0,183.0,217.0982197627,2800.0,0.0036175801,16.67,0.15,4
182.0,185.0,214.4510408479,2800.0,0.0035734693,16.67,0.15,4
183.0,190.0,130.358357584,2800.0,0.0021722049,16.67,0.15,4
183.0,185.0,176.0921260126,2800.0,0.0029342819,16.67,0.15,4
184.0,188.0,114.4506040945,2800.0,0.0019071286,16.67,0.15,4
184.0,189.0,101.9198854998,2800.0,0.0016983251,16.67,0.15,4
185.0,205.0,148.5401419831,2800.0,0.002475174,16.67,0.15,4
186.0,195.0,140.8209323198,2800.0,0.0023465462,16.67,0.15,4
186.0,187.0,159.491357154,2800.0,0.0026576578,16.67,0.15,4
186.0,196.0,132.0174207346,2800.0,0.0021998504,16.67,0.15,4
187.0,190.0,94.0322287798,2800.0,0.0015668904,16.67,0.15,4
187.0,200.0,318.3433108479,2800.0,0.0053046609,16.67,0.15,4
188.0,192.0,184.6290796622,2800.0,0.003076536,16.67,0.15,4
188.0,193.0,95.9961487505,2800.0,0.0015996159,16.67,0.15,4
189.0,193.0,83.0715200509,2800.0,0.0013842485,16.67,0.15,4
190.0,194.0,97.3376106076,2800.0,0.0016219691,16.67,0.15,4
191.0,197.0,147.3738581291,2800.0,0.0024557398,16.67,0.15,4
192.0,197.0,170.690083276,2800.0,0.0028442659,16.67,0.15,4
192.0,201.0,127.3531831586,2800.0,0.0021221286,16.67,0.15,4
192.0,201.0,125.3241871139,2800.0,0.0020883188,16.67,0.15,4
192.0,193.0,193.8425763902,2800.0,0.0032300636,16.67,0.15,4
194.0,205.0,140.8265972073,2800.0,0.0023466406,16.67,0.15,4
195.0,198.0,130.7145992826,2800.0,0.002178141,16.67,0.15,4
196.0,199.0,91.7007457448,2800.0,0.0015280402,16.67,0.15,4
196.0,198.0,118.9423681907,2800.0,0.0019819764,16.67,0.15,4
196.0,200.0,190.2966878316,2800.0,0.0031709773,16.67,0.15,4
198.0,199.0,218.8912937525,2800.0,0.0036474587,16.67,0.15,4
198.0,201.0,314.3443911389,2800.0,0.0052380256,16.67,0.15,4
199.0,202.0,95.7747998497,2800.0,0.0015959275,16.67,0.15,4
200.0,204.0,160.4499544115,2800.0,0.0026736312,16.67,0.15,4
200.0,202.0,254.8476086481,2800.0,0.0042466108,16.67,0.15,4
201.0,203.0,611.3240800297,2800.0,0.0101866973,16.67,0.15,4
201.0,202.0,129.3270726905,2800.0,0.0021550202,16.67,0.15,4
201.0,208.0,372.0808615565,2800.0,0.0062001077,16.67,0.15,4
203.0,653.0,87.5772884187,2800.0,0.0014593296,16.67,0.15,4
204.0,205.0,358.2351546584,2800.0,0.005969392,16.67,0.15,4
204.0,206.0,172.1408310703,2800.0,0.0028684402,16.67,0.15,4
204.0,814.0,77.4869326982,2800.0,0.0012911906,16.67,0.15,4
204.0,814.0,102.1460088262,2800.0,0.0017020931,16.67,0.15,4
205.0,814.0,255.9853288994,2800.0,0.004265569,16.67,0.15,4
206.0,210.0,307.3644200476,2800.0,0.005121716,16.67,0.15,4
207.0,698.0,303.6961819252,2800.0,0.0050605909,16.67,0.15,4
207.0,779.0,174.5188662392,2800.0,0.0029080662,16.67,0.15,4
208.0,209.0,324.8796291846,2800.0,0.0054135778,16.67,0.15,4
208.0,209.0,327.3069982084,2800.0,0.0054540258,16.67,0.15,4
208.0,209.0,311.977101562,2800.0,0.0051985786,16.67,0.15,4
208.0,209.0,332.6799818417,2800.0,0.0055435577,16.67,0.15,4
208.0,209.0,369.3239663948,2800.0,0.0061541686,16.67,0.15,4
208.0,209.0,296.6856271239,2800.0,0.0049437717,16.67,0.15,4
208.0,210.0,366.5052770663,2800.0,0.0061071998,16.67,0.15,4
208.0,826.0,467.6573735519,2800.0,0.007792731,16.67,0.15,4
208.0,840.0,346.579052281,2800.0,0.0057751625,16.67,0.15,4
208.0,708.0,515.5275965318,2800.0,0.0085904085,16.67,0.15,4
209.0,210.0,271.6975002414,2800.0,0.0045273862,16.67,0.15,4
209.0,210.0,302.688915147,2800.0,0.0050438065,16.67,0.15,4
209.0,210.0,342.7792318568,2800.0,0.0057118448,16.67,0.15,4
211.0,212.0,192.9057555233,2800.0,0.003214453,16.67,0.15,4
211.0,213.0,327.7603180312,2800.0,0.0054615797,16.67,0.15,4
211.0,466.0,235.7112836845,2800.0,0.0039277358,16.67,0.15,4
211.0,672.0,242.2331557489,2800.0,0.004036412,16.67,0.15,4
211.0,794.0,195.004023923,2800.0,0.0032494172,16.67,0.15,4
211.0,215.0,281.7332812884,2800.0,0.0046946158,16.67,0.15,4
211.0,216.0,288.4076496398,2800.0,0.004805833,16.67,0.15,4
211.0,653.0,193.6020476252,2800.0,0.0032260556,16.67,0.15,4
211.0,654.0,221.8281003488,2800.0,0.0036963957,16.67,0.15,4
211.0,750.0,198.2133516745,2800.0,0.0033028953,16.67,0.15,4
212.0,708.0,94.0482476588,2800.0,0.0015671574,16.67,0.15,4
212.0,216.0,361.0598373795,2800.0,0.0060164607,16.67,0.15,4
213.0,214.0,395.5615251521,2800.0,0.0065913738,16.67,0.15,4
213.0,215.0,196.4290377703,2800.0,0.0032731627,16.67,0.15,4
213.0,672.0,420.127159617,2800.0,0.0070007192,16.67,0.15,4
213.0,477.0,878.2584188777,2800.0,0.0146347134,16.67,0.15,4
214.0,473.0,746.8221506377,2800.0,0.0124445469,16.67,0.15,4
214.0,654.0,472.2038485172,2800.0,0.0078684904,16.67,0.15,4
215.0,835.0,101.4857967882,2800.0,0.0016910917,16.67,0.15,4
215.0,654.0,159.2944874236,2800.0,0.0026543772,16.67,0.15,4
215.0,499.0,418.7443422443,2800.0,0.0069776768,16.67,0.15,4
216.0,217.0,441.171210392,8750.0,0.0055151916,22.22,0.15,4
217.0,218.0,405.4630824139,2800.0,0.0067563668,16.67,0.15,4
217.0,219.0,352.9491941221,1300.0,0.0088246123,11.11,0.15,4
217.0,689.0,740.417450074,2800.0,0.0123378233,16.67,0.15,4
218.0,714.0,127.3088072926,8750.0,0.0015915192,22.22,0.15,4
218.0,219.0,261.9357084027,2800.0,0.0043647222,16.67,0.15,4
219.0,220.0,241.3668092399,2800.0,0.0040219758,16.67,0.15,4
219.0,230.0,322.9857545169,2800.0,0.0053820195,16.67,0.15,4
219.0,690.0,400.5683649701,1300.0,0.0100152106,11.11,0.15,4
219.0,714.0,247.1891557712,5250.0,0.0030901735,22.22,0.15,4
219.0,221.0,336.5722987319,2800.0,0.0056084166,16.67,0.15,4
219.0,772.0,275.0532584258,2800.0,0.0045833043,16.67,0.15,4
219.0,224.0,290.5750258445,2800.0,0.0048419487,16.67,0.15,4
219.0,689.0,400.131584714,1300.0,0.01000429,11.11,0.15,4
220.0,224.0,238.9915806318,2800.0,0.0039823965,16.67,0.15,4
221.0,225.0,263.737189664,2800.0,0.0043947409,16.67,0.15,4
221.0,662.0,380.3465963828,2800.0,0.0063378424,16.67,0.15,4
222.0,223.0,318.6736121223,2800.0,0.0053101648,16.67,0.15,4
222.0,661.0,305.0844521642,2800.0,0.0050837241,16.67,0.15,4
222.0,662.0,123.4210084685,2800.0,0.0020566055,16.67,0.15,4
222.0,862.0,564.1020171516,2800.0,0.0093998203,16.67,0.15,4
223.0,228.0,258.9812924121,2800.0,0.0043154918,16.67,0.15,4
223.0,831.0,286.4800779948,2800.0,0.0047737132,16.67,0.15,4
224.0,232.0,263.2836690684,2800.0,0.0043871837,16.67,0.15,4
224.0,232.0,202.03038877,2800.0,0.0033664998,16.67,0.15,4
224.0,771.0,296.7741366138,2800.0,0.0049452466,16.67,0.15,4
225.0,226.0,216.1933012924,2800.0,0.0036025012,16.67,0.15,4
225.0,229.0,169.5938020135,2800.0,0.0028259982,16.67,0.15,4
225.0,230.0,191.5498464499,2800.0,0.0031918591,16.67,0.15,4
226.0,227.0,77.1547605418,2800.0,0.0012856555,16.67,0.15,4
226.0,228.0,310.8881776178,2800.0,0.0051804335,16.67,0.15,4
227.0,235.0,100.3994947596,2800.0,0.0016729903,16.67,0.15,4
227.0,229.0,155.5226012355,2800.0,0.002591525,16.67,0.15,4
228.0,240.0,175.6999196594,2800.0,0.0029277464,16.67,0.15,4
228.0,243.0,171.6895193137,2800.0,0.0028609198,16.67,0.15,4
228.0,243.0,228.4165567156,2800.0,0.0038061814,16.67,0.15,4
228.0,751.0,279.4818044452,2800.0,0.0046570987,16.67,0.15,4
228.0,751.0,285.8626194214,2800.0,0.0047634243,16.67,0.15,4
229.0,236.0,94.5611875928,2800.0,0.0015757047,16.67,0.15,4
230.0,231.0,551.1539367858,2800.0,0.0091840621,16.67,0.15,4
231.0,241.0,354.6910630859,2800.0,0.0059103357,16.67,0.15,4
231.0,234.0,258.327041109,2800.0,0.0043045898,16.67,0.15,4
231.0,242.0,282.4003215175,2800.0,0.0047057309,16.67,0.15,4
231.0,244.0,251.7213662028,2800.0,0.0041945172,16.67,0.15,4
231.0,245.0,692.8199225626,2800.0,0.0115446898,16.67,0.15,4
231.0,250.0,275.2998396773,2800.0,0.0045874132,16.67,0.15,4
231.0,771.0,260.7104988831,2800.0,0.0043443061,16.67,0.15,4
231.0,689.0,436.8056415395,2800.0,0.0072786383,16.67,0.15,4
231.0,827.0,441.875788562,2800.0,0.0073631239,16.67,0.15,4
231.0,671.0,542.3991254221,2800.0,0.0090381778,16.67,0.15,4
231.0,690.0,461.7577342893,2800.0,0.0076944234,16.67,0.15,4
231.0,818.0,414.2865393876,2800.0,0.006903395,16.67,0.15,4
232.0,233.0,86.3800271096,2800.0,0.0014393792,16.67,0.15,4
232.0,234.0,95.3362596685,2800.0,0.0015886199,16.67,0.15,4
233.0,239.0,95.7017927939,2800.0,0.0015947109,16.67,0.15,4
234.0,239.0,84.1278334614,2800.0,0.0014018502,16.67,0.15,4
235.0,240.0,104.6325267174,2800.0,0.0017435267,16.67,0.15,4
235.0,236.0,171.7235998996,2800.0,0.0028614877,16.67,0.15,4
236.0,237.0,67.3402540043,2800.0,0.0011221131,16.67,0.15,4
237.0,240.0,187.6511912656,2800.0,0.0031268945,16.67,0.15,4
238.0,553.0,206.9059784185,1300.0,0.0051731668,11.11,0.15,4
238.0,575.0,278.8862635859,2800.0,0.004647175,16.67,0.15,4
238.0,580.0,259.5658634429,2800.0,0.0043252327,16.67,0.15,4
238.0,583.0,216.6900550381,2800.0,0.0036107788,16.67,0.15,4
238.0,470.0,317.4799699515,2800.0,0.0052902748,16.67,0.15,4
238.0,739.0,153.4740884419,2800.0,0.00255739,16.67,0.15,4
238.0,705.0,338.7801750698,2800.0,0.0056452072,16.67,0.15,4
238.0,804.0,183.0186154167,2800.0,0.0030497003,16.67,0.15,4
238.0,805.0,152.4110047636,1300.0,0.0038106562,11.11,0.15,4
238.0,805.0,188.1773176739,2800.0,0.0031356615,16.67,0.15,4
238.0,472.0,313.7622967414,2800.0,0.0052283259,16.67,0.15,4
238.0,578.0,258.0804339131,1300.0,0.0064526561,11.11,0.15,4
240.0,241.0,116.9497283145,2800.0,0.0019487724,16.67,0.15,4
241.0,243.0,112.1995383127,2800.0,0.0018696184,16.67,0.15,4
243.0,244.0,163.8852036481,2800.0,0.0027308739,16.67,0.15,4
243.0,249.0,179.6752910666,2800.0,0.0029939894,16.67,0.15,4
243.0,249.0,126.2216007768,2800.0,0.0021032727,16.67,0.15,4
244.0,249.0,225.3589317996,2800.0,0.0037552312,16.67,0.15,4
245.0,282.0,412.2585858531,2800.0,0.0068696025,16.67,0.15,4
245.0,664.0,116.1648631959,2800.0,0.0019356939,16.67,0.15,4
246.0,247.0,164.8875495874,2800.0,0.0027475763,16.67,0.15,4
246.0,248.0,116.1164172975,2800.0,0.0019348866,16.67,0.15,4
246.0,568.0,82.5652508768,2800.0,0.0013758124,16.67,0.15,4
247.0,584.0,85.9426740999,2800.0,0.0014320915,16.67,0.15,4
247.0,567.0,115.9819612769,2800.0,0.0019326462,16.67,0.15,4
248.0,700.0,106.221596309,2800.0,0.0017700059,16.67,0.15,4
248.0,754.0,139.8880845813,2800.0,0.0023310019,16.67,0.15,4
248.0,472.0,261.7843072973,2800.0,0.0043621993,16.67,0.15,4
248.0,783.0,85.7883316461,2800.0,0.0014295196,16.67,0.15,4
248.0,783.0,106.4174107859,2800.0,0.0017732689,16.67,0.15,4
248.0,757.0,130.8385002536,2800.0,0.0021802056,16.67,0.15,4
249.0,251.0,218.1379305976,2800.0,0.0036349052,16.67,0.15,4
249.0,251.0,138.9800993945,2800.0,0.0023158718,16.67,0.15,4
249.0,251.0,180.4934771231,2800.0,0.0030076231,16.67,0.15,4
250.0,252.0,95.2497400083,2800.0,0.0015871782,16.67,0.15,4
250.0,253.0,107.3257912252,2800.0,0.0017884055,16.67,0.15,4
251.0,753.0,79.4550062863,2800.0,0.0013239853,16.67,0.15,4
251.0,665.0,129.3103468695,2800.0,0.0021547415,16.67,0.15,4
252.0,255.0,108.5425080306,2800.0,0.0018086801,16.67,0.15,4
253.0,255.0,96.5440094971,2800.0,0.0016087451,16.67,0.15,4
253.0,256.0,74.5745538941,2800.0,0.0012426607,16.67,0.15,4
254.0,259.0,177.6082922201,2800.0,0.0029595463,16.67,0.15,4
254.0,754.0,186.6365846793,2800.0,0.0031099877,16.67,0.15,4
254.0,471.0,295.8049321957,2800.0,0.0049290964,16.67,0.15,4
255.0,257.0,75.0259240803,2800.0,0.001250182,16.67,0.15,4
256.0,257.0,94.4043181456,2800.0,0.0015730907,16.67,0.15,4
256.0,258.0,159.6322538632,2800.0,0.0026600056,16.67,0.15,4
258.0,760.0,85.3906095319,2800.0,0.0014228922,16.67,0.15,4
258.0,761.0,115.061196184,2800.0,0.0019173031,16.67,0.15,4
259.0,260.0,126.1465698222,2800.0,0.0021020224,16.67,0.15,4
259.0,260.0,112.799323096,2800.0,0.0018796128,16.67,0.15,4
259.0,628.0,78.0477853753,2800.0,0.0013005363,16.67,0.15,4
259.0,624.0,111.5934443995,2800.0,0.0018595188,16.67,0.15,4
260.0,755.0,71.8277889489,2800.0,0.0011968904,16.67,0.15,4
260.0,622.0,79.0856898734,2800.0,0.0013178313,16.67,0.15,4
261.0,262.0,477.8334650874,2800.0,0.0079622986,16.67,0.15,4
261.0,263.0,479.6909371155,2800.0,0.0079932503,16.67,0.15,4
261.0,264.0,216.5531724381,2800.0,0.0036084978,16.67,0.15,4
261.0,663.0,80.8542860417,2800.0,0.001347302,16.67,0.15,4
261.0,664.0,144.4738298262,2800.0,0.0024074157,16.67,0.15,4
262.0,265.0,400.6979214806,2800.0,0.0066769633,16.67,0.15,4
262.0,281.0,148.7683632428,2800.0,0.0024789769,16.67,0.15,4
263.0,699.0,329.9198918023,2800.0,0.0054975654,16.67,0.15,4
263.0,862.0,173.6199675022,2800.0,0.0028930875,16.67,0.15,4
263.0,662.0,837.495635662,2800.0,0.0139554695,16.67,0.15,4
264.0,267.0,75.7371689623,2800.0,0.0012620337,16.67,0.15,4
264.0,699.0,181.1197795504,2800.0,0.0030180594,16.67,0.15,4
265.0,266.0,71.8814320343,2800.0,0.0011977843,16.67,0.15,4
265.0,267.0,180.7619722048,2800.0,0.0030120971,16.67,0.15,4
266.0,763.0,349.1469810477,2800.0,0.0058179528,16.67,0.15,4
266.0,764.0,234.0652274034,2800.0,0.0039003071,16.67,0.15,4
268.0,631.0,294.5633277092,2800.0,0.0049084071,16.67,0.15,4
268.0,276.0,198.8128623097,2800.0,0.0033128851,16.67,0.15,4
268.0,628.0,297.5908668509,2800.0,0.004958856,16.67,0.15,4
268.0,629.0,192.2384921673,2800.0,0.0032033342,16.67,0.15,4
268.0,627.0,198.0418768983,2800.0,0.0033000379,16.67,0.15,4
268.0,630.0,238.1088077077,2800.0,0.0039676866,16.67,0.15,4
268.0,624.0,187.5756278402,2800.0,0.0031256353,16.67,0.15,4
268.0,624.0,148.1940725651,2800.0,0.0024694073,16.67,0.15,4
268.0,625.0,215.0142600036,2800.0,0.0035828544,16.67,0.15,4
268.0,625.0,183.6196542683,2800.0,0.0030597156,16.67,0.15,4
269.0,270.0,99.7350535568,2800.0,0.0016619185,16.67,0.15,4
269.0,271.0,179.2770531948,2800.0,0.0029873534,16.67,0.15,4
269.0,272.0,89.6093866268,2800.0,0.0014931911,16.67,0.15,4
269.0,274.0,83.9044013973,2800.0,0.0013981271,16.67,0.15,4
270.0,284.0,109.4263839706,2800.0,0.0018234084,16.67,0.15,4
270.0,598.0,117.7073550918,2800.0,0.001961397,16.67,0.15,4
270.0,784.0,177.3506388684,2800.0,0.0029552529,16.67,0.15,4
271.0,300.0,158.0523639625,2800.0,0.0026336793,16.67,0.15,4
271.0,297.0,92.2872947825,2800.0,0.001537814,16.67,0.15,4
271.0,641.0,85.624558351,2800.0,0.0014267906,16.67,0.15,4
271.0,784.0,107.4333614018,2800.0,0.001790198,16.67,0.15,4
272.0,745.0,196.0258825386,2800.0,0.0032664448,16.67,0.15,4
272.0,762.0,84.7256959139,2800.0,0.0014118126,16.67,0.15,4
272.0,598.0,104.0757279019,2800.0,0.0017342486,16.67,0.15,4
273.0,274.0,89.2559661168,2800.0,0.001487302,16.67,0.15,4
273.0,275.0,181.8673992018,2800.0,0.0030305172,16.67,0.15,4
273.0,276.0,110.7570931457,2800.0,0.0018455824,16.67,0.15,4
273.0,631.0,135.6585260476,2800.0,0.0022605233,16.67,0.15,4
274.0,762.0,83.5802063421,2800.0,0.0013927249,16.67,0.15,4
274.0,641.0,115.2839397578,2800.0,0.0019210148,16.67,0.15,4
275.0,299.0,158.3780831736,2800.0,0.0026391069,16.67,0.15,4
275.0,294.0,113.7012771149,2800.0,0.0018946424,16.67,0.15,4
275.0,641.0,93.3893735067,2800.0,0.0015561783,16.67,0.15,4
275.0,297.0,95.7198776993,2800.0,0.0015950123,16.67,0.15,4
276.0,762.0,99.3659377969,2800.0,0.0016557678,16.67,0.15,4
277.0,278.0,180.8448952485,2800.0,0.0030134789,16.67,0.15,4
277.0,279.0,156.8508838178,2800.0,0.0026136587,16.67,0.15,4
277.0,280.0,96.7520851527,2800.0,0.0016122123,16.67,0.15,4
277.0,289.0,275.1637005523,2800.0,0.0045851446,16.67,0.15,4
278.0,601.0,97.4932319826,2800.0,0.0016245623,16.67,0.15,4
279.0,742.0,93.5756710899,2800.0,0.0015592827,16.67,0.15,4
279.0,606.0,570.8556505709,2800.0,0.0095123584,16.67,0.15,4
280.0,289.0,156.4229695037,2800.0,0.0026065282,16.67,0.15,4
281.0,282.0,167.6384295883,2800.0,0.0027934151,16.67,0.15,4
281.0,283.0,230.1601250208,2800.0,0.003835235,16.67,0.15,4
282.0,863.0,75.1274216927,2800.0,0.0012518733,16.67,0.15,4
283.0,676.0,94.9918154725,2800.0,0.0015828803,16.67,0.15,4
284.0,285.0,342.817821491,2800.0,0.0057124879,16.67,0.15,4
284.0,286.0,108.7598059383,2800.0,0.001812301,16.67,0.15,4
284.0,306.0,212.8162428712,2800.0,0.0035462281,16.67,0.15,4
285.0,598.0,184.7487064671,2800.0,0.0030785294,16.67,0.15,4
285.0,745.0,134.2131155848,2800.0,0.002236438,16.67,0.15,4
285.0,597.0,350.5827937243,2800.0,0.0058418782,16.67,0.15,4
285.0,644.0,170.1853495605,2800.0,0.0028358553,16.67,0.15,4
285.0,643.0,240.9247327423,2800.0,0.0040146093,16.67,0.15,4
285.0,759.0,268.099006651,2800.0,0.0044674233,16.67,0.15,4
285.0,645.0,264.016712186,2800.0,0.0043993987,16.67,0.15,4
286.0,287.0,95.3815533026,2800.0,0.0015893747,16.67,0.15,4
286.0,288.0,252.1689322565,2800.0,0.0042019751,16.67,0.15,4
286.0,644.0,275.3765192508,2800.0,0.0045886909,16.67,0.15,4
287.0,290.0,109.9943315648,2800.0,0.0018328723,16.67,0.15,4
287.0,291.0,168.7788529958,2800.0,0.0028124184,16.67,0.15,4
287.0,310.0,217.7962264305,2800.0,0.0036292113,16.67,0.15,4
288.0,310.0,127.9754580873,2800.0,0.0021324978,16.67,0.15,4
288.0,306.0,102.1146954091,2800.0,0.0017015713,16.67,0.15,4
288.0,309.0,327.9353360367,2800.0,0.005464496,16.67,0.15,4
288.0,341.0,329.1471591169,2800.0,0.005484689,16.67,0.15,4
289.0,325.0,280.0780463363,2800.0,0.004667034,16.67,0.15,4
289.0,303.0,216.7298576905,2800.0,0.003611442,16.67,0.15,4
289.0,668.0,130.6762417464,2800.0,0.0021775019,16.67,0.15,4
290.0,292.0,105.2106861678,2800.0,0.0017531608,16.67,0.15,4
290.0,293.0,224.0203768582,2800.0,0.0037329264,16.67,0.15,4
290.0,600.0,92.2064919243,2800.0,0.0015364676,16.67,0.15,4
291.0,595.0,205.8558683207,2800.0,0.0034302451,16.67,0.15,4
291.0,681.0,71.0411613918,2800.0,0.0011837826,16.67,0.15,4
292.0,296.0,287.8685238829,2800.0,0.0047968494,16.67,0.15,4
292.0,296.0,248.9579918289,2800.0,0.0041484702,16.67,0.15,4
292.0,296.0,334.0976776644,2800.0,0.0055671812,16.67,0.15,4
293.0,296.0,132.3766039437,2800.0,0.0022058356,16.67,0.15,4
293.0,311.0,238.6664534305,2800.0,0.0039769788,16.67,0.15,4
293.0,310.0,112.3611807428,2800.0,0.0018723119,16.67,0.15,4
294.0,295.0,125.1849467002,2800.0,0.0020859986,16.67,0.15,4
294.0,631.0,181.0439183383,2800.0,0.0030167953,16.67,0.15,4
294.0,632.0,86.5605279491,2800.0,0.001442387,16.67,0.15,4
295.0,299.0,94.0187134657,2800.0,0.0015666652,16.67,0.15,4
295.0,302.0,148.8399499362,2800.0,0.0024801698,16.67,0.15,4
295.0,740.0,148.1604658087,2800.0,0.0024688473,16.67,0.15,4
296.0,328.0,175.31591585,2800.0,0.0029213477,16.67,0.15,4
296.0,316.0,269.1878706088,2800.0,0.0044855674,16.67,0.15,4
296.0,323.0,300.35461896,2800.0,0.0050049093,16.67,0.15,4
297.0,298.0,85.891531723,2800.0,0.0014312393,16.67,0.15,4
298.0,300.0,85.3296208752,2800.0,0.001421876,16.67,0.15,4
298.0,299.0,89.6808854465,2800.0,0.0014943825,16.67,0.15,4
298.0,304.0,122.591119615,2800.0,0.0020427768,16.67,0.15,4
299.0,305.0,125.8603912615,2800.0,0.0020972537,16.67,0.15,4
300.0,307.0,100.0543306493,2800.0,0.0016672387,16.67,0.15,4
300.0,318.0,111.819063986,2800.0,0.0018632784,16.67,0.15,4
301.0,709.0,143.6970437643,2800.0,0.0023944718,16.67,0.15,4
301.0,610.0,201.9240382318,7000.0,0.0025243029,22.22,0.15,4
301.0,604.0,101.9132311639,2800.0,0.0016982142,16.67,0.15,4
302.0,305.0,74.9681380675,2800.0,0.0012492191,16.67,0.15,4
302.0,317.0,84.3564379984,2800.0,0.0014056595,16.67,0.15,4
303.0,324.0,184.8229678233,1300.0,0.0046210363,11.11,0.15,4
303.0,324.0,167.8401612983,2800.0,0.0027967767,16.67,0.15,4
303.0,605.0,147.6250741357,2800.0,0.0024599259,16.67,0.15,4
303.0,602.0,129.5820058547,2800.0,0.0021592682,16.67,0.15,4
304.0,318.0,83.7688545392,2800.0,0.0013958684,16.67,0.15,4
304.0,305.0,85.4086731995,2800.0,0.0014231932,16.67,0.15,4
304.0,319.0,159.9794541978,2800.0,0.0026657911,16.67,0.15,4
305.0,320.0,158.8165431017,2800.0,0.0026464131,16.67,0.15,4
306.0,784.0,123.9047860148,2800.0,0.0020646668,16.67,0.15,4
306.0,308.0,261.7899472921,2800.0,0.0043622933,16.67,0.15,4
307.0,308.0,146.4134946153,2800.0,0.002439737,16.67,0.15,4
307.0,784.0,149.4987484147,2800.0,0.0024911476,16.67,0.15,4
308.0,322.0,144.8874780088,2800.0,0.0024143084,16.67,0.15,4
308.0,318.0,113.3459370747,2800.0,0.0018887212,16.67,0.15,4
309.0,341.0,84.560367795,2800.0,0.0014090577,16.67,0.15,4
309.0,345.0,87.2209025774,2800.0,0.001453391,16.67,0.15,4
309.0,347.0,169.8663163157,2800.0,0.0028305392,16.67,0.15,4
310.0,345.0,266.8011201624,2800.0,0.0044457962,16.67,0.15,4
311.0,316.0,78.9564920736,2800.0,0.0013156784,16.67,0.15,4
311.0,345.0,98.6070063051,2800.0,0.0016431215,16.67,0.15,4
311.0,346.0,153.837918085,2800.0,0.0025634526,16.67,0.15,4
312.0,634.0,183.3703596484,2800.0,0.0030555615,16.67,0.15,4
312.0,642.0,141.8665057194,2800.0,0.002363969,16.67,0.15,4
312.0,635.0,290.5304312935,2800.0,0.0048412056,16.67,0.15,4
312.0,313.0,184.9645013504,2800.0,0.0030821253,16.67,0.15,4
313.0,314.0,118.1634967881,2800.0,0.0019689978,16.67,0.15,4
313.0,315.0,186.4157019498,2800.0,0.0031063071,16.67,0.15,4
314.0,740.0,77.9245898894,2800.0,0.0012984835,16.67,0.15,4
315.0,856.0,96.4245934058,2800.0,0.0016067552,16.67,0.15,4
315.0,329.0,115.9392105007,2800.0,0.0019319338,16.67,0.15,4
315.0,335.0,202.8191837146,2800.0,0.0033796438,16.67,0.15,4
315.0,332.0,241.4738901259,2800.0,0.0040237601,16.67,0.15,4
316.0,323.0,130.3304636282,2800.0,0.00217174,16.67,0.15,4
316.0,355.0,212.7417168071,2800.0,0.0035449863,16.67,0.15,4
317.0,332.0,105.775097603,2800.0,0.0017625658,16.67,0.15,4
317.0,740.0,85.4679152098,2800.0,0.0014241804,16.67,0.15,4
318.0,331.0,159.9882890149,2800.0,0.0026659383,16.67,0.15,4
319.0,330.0,181.7862314331,2800.0,0.0030291647,16.67,0.15,4
319.0,320.0,81.1819792464,2800.0,0.0013527624,16.67,0.15,4
319.0,331.0,74.1004674167,2800.0,0.0012347608,16.67,0.15,4
320.0,332.0,95.165093168,2800.0,0.0015857677,16.67,0.15,4
320.0,333.0,178.4303612803,2800.0,0.0029732447,16.67,0.15,4
321.0,341.0,84.0731488414,2800.0,0.001400939,16.67,0.15,4
321.0,322.0,77.859865693,2800.0,0.0012974049,16.67,0.15,4
321.0,342.0,174.5463907891,2800.0,0.0029085248,16.67,0.15,4
322.0,336.0,184.8677106838,2800.0,0.0030805124,16.67,0.15,4
322.0,331.0,121.2416145752,2800.0,0.0020202895,16.67,0.15,4
323.0,344.0,153.3692161009,2800.0,0.0025556425,16.67,0.15,4
323.0,344.0,170.3793430346,2800.0,0.0028390879,16.67,0.15,4
323.0,328.0,257.0265187812,2800.0,0.0042829187,16.67,0.15,4
323.0,355.0,172.907790107,2800.0,0.0028812203,16.67,0.15,4
324.0,325.0,131.5789211483,2800.0,0.0021925435,16.67,0.15,4
324.0,326.0,174.9873276606,1300.0,0.0043751207,11.11,0.15,4
324.0,326.0,179.9352643997,2800.0,0.0029983214,16.67,0.15,4
325.0,326.0,113.2929893975,2800.0,0.0018878389,16.67,0.15,4
325.0,327.0,99.6249900546,2800.0,0.0016600845,16.67,0.15,4
326.0,344.0,228.3978615551,2800.0,0.0038058699,16.67,0.15,4
326.0,844.0,170.9387426183,2800.0,0.0028484094,16.67,0.15,4
326.0,349.0,266.1753952039,2800.0,0.0044353695,16.67,0.15,4
326.0,328.0,253.9415667007,2800.0,0.0042315131,16.67,0.15,4
327.0,349.0,163.9386728386,2800.0,0.0027317649,16.67,0.15,4
327.0,703.0,208.4766684657,2800.0,0.0034739164,16.67,0.15,4
328.0,605.0,160.9073548726,2800.0,0.002681253,16.67,0.15,4
328.0,344.0,186.5116952416,2800.0,0.0031079067,16.67,0.15,4
329.0,332.0,256.5195447936,2800.0,0.0042744709,16.67,0.15,4
329.0,339.0,141.4240826065,2800.0,0.0023565967,16.67,0.15,4
329.0,351.0,246.834932517,2800.0,0.0041130929,16.67,0.15,4
329.0,352.0,230.14039218,2800.0,0.0038349062,16.67,0.15,4
329.0,338.0,133.3626457708,2800.0,0.0022222663,16.67,0.15,4
330.0,337.0,79.7316933397,2800.0,0.0013285958,16.67,0.15,4
330.0,333.0,76.6405730516,2800.0,0.0012770875,16.67,0.15,4
330.0,359.0,174.0747773748,2800.0,0.0029006662,16.67,0.15,4
331.0,337.0,180.4011481311,2800.0,0.0030060846,16.67,0.15,4
332.0,351.0,125.7793143635,2800.0,0.0020959027,16.67,0.15,4
332.0,856.0,153.8629898131,2800.0,0.0025638704,16.67,0.15,4
333.0,351.0,102.3337467939,2800.0,0.0017052214,16.67,0.15,4
333.0,360.0,173.2643319647,2800.0,0.0028871614,16.67,0.15,4
334.0,335.0,106.0539567355,2800.0,0.0017672125,16.67,0.15,4
334.0,348.0,159.595120695,2800.0,0.0026593868,16.67,0.15,4
334.0,340.0,164.1303276241,2800.0,0.0027349585,16.67,0.15,4
334.0,765.0,130.5897507627,2800.0,0.0021760606,16.67,0.15,4
334.0,806.0,139.4720938804,2800.0,0.0023240701,16.67,0.15,4
336.0,342.0,78.8884773122,2800.0,0.001314545,16.67,0.15,4
336.0,357.0,191.4206500687,2800.0,0.0031897062,16.67,0.15,4
336.0,337.0,123.1990552667,2800.0,0.002052907,16.67,0.15,4
337.0,358.0,175.7220698881,2800.0,0.0029281155,16.67,0.15,4
338.0,339.0,61.5390220305,2800.0,0.0010254453,16.67,0.15,4
340.0,765.0,75.1588150998,2800.0,0.0012523964,16.67,0.15,4
341.0,343.0,171.0861904018,2800.0,0.0028508663,16.67,0.15,4
342.0,362.0,178.1920137884,2800.0,0.002969273,16.67,0.15,4
342.0,343.0,77.7367084338,2800.0,0.0012953527,16.67,0.15,4
343.0,365.0,181.0164239245,2800.0,0.0030163371,16.67,0.15,4
343.0,347.0,87.8875474294,2800.0,0.0014644996,16.67,0.15,4
344.0,844.0,162.2216974895,2800.0,0.0027031543,16.67,0.15,4
345.0,363.0,168.1478219896,2800.0,0.0028019033,16.67,0.15,4
346.0,363.0,95.4918966004,2800.0,0.0015912134,16.67,0.15,4
346.0,355.0,125.0200538451,2800.0,0.0020832509,16.67,0.15,4
346.0,366.0,190.9761703136,2800.0,0.0031822997,16.67,0.15,4
347.0,363.0,91.1608637283,2800.0,0.0015190439,16.67,0.15,4
347.0,364.0,243.2139901034,2800.0,0.004052756,16.67,0.15,4
348.0,353.0,104.0047788659,2800.0,0.0017330664,16.67,0.15,4
349.0,350.0,153.2447979382,2800.0,0.0025535693,16.67,0.15,4
349.0,354.0,262.5858967387,2800.0,0.0043755565,16.67,0.15,4
349.0,354.0,298.2496232437,2800.0,0.0049698331,16.67,0.15,4
349.0,703.0,238.1955138691,2800.0,0.0039691314,16.67,0.15,4
349.0,703.0,198.1363144438,2800.0,0.0033016116,16.67,0.15,4
349.0,687.0,135.1018830214,2800.0,0.0022512478,16.67,0.15,4
350.0,685.0,117.3446207123,2800.0,0.0019553526,16.67,0.15,4
350.0,789.0,75.0203742256,2800.0,0.0012500896,16.67,0.15,4
351.0,356.0,267.7983107024,2800.0,0.0044624127,16.67,0.15,4
352.0,861.0,75.7076498355,2800.0,0.0012615419,16.67,0.15,4
352.0,372.0,78.3783120699,2800.0,0.001306044,16.67,0.15,4
353.0,361.0,91.5925555755,2800.0,0.0015262373,16.67,0.15,4
354.0,682.0,234.9048005279,2800.0,0.0039142971,16.67,0.15,4
354.0,684.0,206.1034297691,2800.0,0.0034343703,16.67,0.15,4
354.0,684.0,199.9618587823,2800.0,0.0033320312,16.67,0.15,4
354.0,844.0,323.5336120095,2800.0,0.0053911486,16.67,0.15,4
354.0,811.0,223.8774187048,2800.0,0.0037305442,16.67,0.15,4
354.0,811.0,170.2776803098,2800.0,0.0028373939,16.67,0.15,4
354.0,789.0,135.8996579491,2800.0,0.0022645414,16.67,0.15,4
355.0,388.0,674.3638508917,2800.0,0.0112371501,16.67,0.15,4
355.0,378.0,210.9828933725,2800.0,0.0035156784,16.67,0.15,4
356.0,360.0,138.6478837125,2800.0,0.002310336,16.67,0.15,4
356.0,377.0,149.8864845662,2800.0,0.0024976086,16.67,0.15,4
356.0,392.0,115.3879818106,2800.0,0.0019227485,16.67,0.15,4
356.0,373.0,398.5036080549,2800.0,0.0066403987,16.67,0.15,4
356.0,387.0,265.7175563317,2800.0,0.0044277404,16.67,0.15,4
356.0,393.0,252.7096126794,2800.0,0.0042109847,16.67,0.15,4
357.0,380.0,146.5343011554,2800.0,0.00244175,16.67,0.15,4
357.0,362.0,81.6990646631,2800.0,0.0013613788,16.67,0.15,4
357.0,358.0,128.7301823623,2800.0,0.002145074,16.67,0.15,4
358.0,359.0,77.2734772517,2800.0,0.0012876338,16.67,0.15,4
358.0,379.0,158.3006053812,2800.0,0.0026378159,16.67,0.15,4
359.0,360.0,70.6601561159,2800.0,0.0011774338,16.67,0.15,4
359.0,377.0,77.2824253666,2800.0,0.0012877829,16.67,0.15,4
361.0,367.0,99.609256247,2800.0,0.0016598223,16.67,0.15,4
362.0,365.0,73.897472615,2800.0,0.0012313783,16.67,0.15,4
362.0,381.0,113.9608656279,2800.0,0.001898968,16.67,0.15,4
363.0,364.0,229.0408169859,2800.0,0.0038165836,16.67,0.15,4
364.0,365.0,146.4432591037,2800.0,0.0024402329,16.67,0.15,4
364.0,366.0,137.2139516656,2800.0,0.0022864419,16.67,0.15,4
364.0,386.0,154.2413493688,2800.0,0.0025701751,16.67,0.15,4
364.0,396.0,121.0153162426,2800.0,0.0020165186,16.67,0.15,4
366.0,378.0,95.7304585131,2800.0,0.0015951886,16.67,0.15,4
366.0,386.0,70.3942413275,2800.0,0.0011730028,16.67,0.15,4
367.0,374.0,90.9208873704,2800.0,0.0015150451,16.67,0.15,4
367.0,369.0,212.8345541569,2800.0,0.0035465333,16.67,0.15,4
368.0,369.0,77.3432758736,2800.0,0.0012887968,16.67,0.15,4
368.0,370.0,133.8944902615,2800.0,0.0022311286,16.67,0.15,4
368.0,375.0,95.277318764,2800.0,0.0015876378,16.67,0.15,4
370.0,374.0,93.297900804,2800.0,0.0015546541,16.67,0.15,4
370.0,383.0,76.9567326307,2800.0,0.0012823557,16.67,0.15,4
371.0,372.0,174.694363679,2800.0,0.0029109905,16.67,0.15,4
371.0,373.0,136.5245899853,2800.0,0.0022749548,16.67,0.15,4
372.0,832.0,113.4383768739,2800.0,0.0018902616,16.67,0.15,4
373.0,387.0,165.8977312595,2800.0,0.0027644093,16.67,0.15,4
373.0,387.0,164.6716170767,2800.0,0.0027439782,16.67,0.15,4
373.0,418.0,299.1882908412,2800.0,0.0049854744,16.67,0.15,4
374.0,382.0,222.537851196,2800.0,0.0037082225,16.67,0.15,4
374.0,395.0,140.362883433,2800.0,0.0023389136,16.67,0.15,4
375.0,376.0,100.3887353416,2800.0,0.001672811,16.67,0.15,4
375.0,383.0,90.3166261168,2800.0,0.0015049761,16.67,0.15,4
376.0,397.0,159.9324641548,2800.0,0.0026650081,16.67,0.15,4
376.0,408.0,75.3873219285,2800.0,0.0012562041,16.67,0.15,4
377.0,385.0,93.6440276417,2800.0,0.0015604217,16.67,0.15,4
378.0,388.0,214.4523234657,2800.0,0.0035734907,16.67,0.15,4
378.0,388.0,209.5803919822,2800.0,0.0034923081,16.67,0.15,4
378.0,389.0,84.0745855402,2800.0,0.0014009629,16.67,0.15,4
379.0,785.0,72.820798322,2800.0,0.0012134373,16.67,0.15,4
379.0,411.0,186.5514994893,2800.0,0.0031085699,16.67,0.15,4
380.0,381.0,106.0235697751,2800.0,0.0017667062,16.67,0.15,4
380.0,400.0,89.6377944965,2800.0,0.0014936645,16.67,0.15,4
380.0,785.0,96.1319081163,2800.0,0.0016018781,16.67,0.15,4
380.0,402.0,218.6937682839,2800.0,0.0036441673,16.67,0.15,4
382.0,395.0,104.1531952412,2800.0,0.0017355395,16.67,0.15,4
382.0,420.0,164.6256980359,2800.0,0.002743213,16.67,0.15,4
383.0,384.0,154.2459336868,2800.0,0.0025702515,16.67,0.15,4
384.0,395.0,74.5096149994,2800.0,0.0012415786,16.67,0.15,4
384.0,408.0,126.8522927377,2800.0,0.0021137821,16.67,0.15,4
385.0,394.0,75.0089514221,2800.0,0.0012498992,16.67,0.15,4
385.0,392.0,114.8721729372,2800.0,0.0019141534,16.67,0.15,4
386.0,389.0,99.4236834781,2800.0,0.00165673,16.67,0.15,4
386.0,390.0,64.4573631621,2800.0,0.0010740746,16.67,0.15,4
387.0,393.0,82.3071481828,2800.0,0.0013715115,16.67,0.15,4
387.0,393.0,94.8480480694,2800.0,0.0015804847,16.67,0.15,4
389.0,391.0,74.1095878759,2800.0,0.0012349128,16.67,0.15,4
390.0,396.0,100.6650055099,2800.0,0.0016774146,16.67,0.15,4
390.0,398.0,306.5265106086,2800.0,0.0051077536,16.67,0.15,4
390.0,391.0,69.2621053859,2800.0,0.0011541376,16.67,0.15,4
391.0,399.0,134.924605235,2800.0,0.0022482938,16.67,0.15,4
392.0,393.0,110.8178089047,2800.0,0.0018465942,16.67,0.15,4
393.0,394.0,146.8516704675,2800.0,0.0024470384,16.67,0.15,4
393.0,415.0,110.9930119098,2800.0,0.0018495136,16.67,0.15,4
393.0,404.0,130.4518449251,2800.0,0.0021737627,16.67,0.15,4
393.0,417.0,195.1643655112,2800.0,0.003252089,16.67,0.15,4
394.0,404.0,90.7788372596,2800.0,0.0015126781,16.67,0.15,4
395.0,407.0,95.0079853039,2800.0,0.0015831498,16.67,0.15,4
397.0,405.0,230.009909907,2800.0,0.003832732,16.67,0.15,4
397.0,405.0,244.2139547812,2800.0,0.0040694187,16.67,0.15,4
397.0,767.0,279.7557606708,2800.0,0.0046616637,16.67,0.15,4
397.0,409.0,151.0127969305,2800.0,0.0025163767,16.67,0.15,4
398.0,399.0,253.7584631216,2800.0,0.004228462,16.67,0.15,4
398.0,403.0,196.8385067925,2800.0,0.0032799858,16.67,0.15,4
398.0,403.0,173.9962296241,2800.0,0.0028993573,16.67,0.15,4
398.0,401.0,141.3426795114,2800.0,0.0023552403,16.67,0.15,4
398.0,413.0,98.9500479559,2800.0,0.0016488377,16.67,0.15,4
399.0,450.0,474.5598871349,2800.0,0.0079077499,16.67,0.15,4
400.0,401.0,68.241320345,2800.0,0.0011371279,16.67,0.15,4
400.0,402.0,129.7473460608,2800.0,0.0021620234,16.67,0.15,4
401.0,403.0,106.835766847,2800.0,0.0017802401,16.67,0.15,4
402.0,414.0,123.2136492035,2800.0,0.0020531502,16.67,0.15,4
402.0,403.0,103.45528443,2800.0,0.00172391,16.67,0.15,4
402.0,411.0,184.1595481071,2800.0,0.0030687121,16.67,0.15,4
403.0,413.0,104.7792276973,2800.0,0.0017459713,16.67,0.15,4
404.0,411.0,83.4590832001,2800.0,0.0013907066,16.67,0.15,4
405.0,406.0,712.8972456834,2800.0,0.0118792449,16.67,0.15,4
405.0,409.0,184.4675811871,2800.0,0.0030738449,16.67,0.15,4
405.0,423.0,237.316838707,2800.0,0.0039544897,16.67,0.15,4
405.0,775.0,256.5359791751,2800.0,0.0042747447,16.67,0.15,4
405.0,790.0,219.3555154058,2800.0,0.0036551942,16.67,0.15,4
405.0,430.0,270.0021661609,1300.0,0.0067507292,11.11,0.15,4
405.0,431.0,352.661521456,2800.0,0.0058765167,16.67,0.15,4
406.0,670.0,361.0668187031,5250.0,0.0045137866,22.22,0.15,4
406.0,775.0,468.7866691333,2800.0,0.0078115488,16.67,0.15,4
406.0,659.0,308.0877420747,2800.0,0.0051337689,16.67,0.15,4
406.0,676.0,124.4828156908,5250.0,0.0015561908,22.22,0.15,4
407.0,408.0,106.6069604334,2800.0,0.0017764274,16.67,0.15,4
408.0,409.0,107.7067093023,2800.0,0.0017947529,16.67,0.15,4
408.0,410.0,146.3553450473,2800.0,0.002438768,16.67,0.15,4
409.0,790.0,96.1318182212,2800.0,0.0016018766,16.67,0.15,4
410.0,420.0,219.5395932608,2800.0,0.0036582616,16.67,0.15,4
410.0,421.0,102.9265332164,2800.0,0.0017150992,16.67,0.15,4
411.0,412.0,66.4871581143,2800.0,0.0011078977,16.67,0.15,4
412.0,414.0,225.047458227,2800.0,0.003750041,16.67,0.15,4
412.0,422.0,90.1568394877,2800.0,0.0015023135,16.67,0.15,4
412.0,416.0,99.5745411585,2800.0,0.0016592438,16.67,0.15,4
414.0,444.0,183.9724389643,2800.0,0.0030655942,16.67,0.15,4
415.0,416.0,80.4583656963,2800.0,0.0013407046,16.67,0.15,4
415.0,417.0,86.7373374179,2800.0,0.0014453332,16.67,0.15,4
417.0,428.0,167.4412210113,2800.0,0.002790129,16.67,0.15,4
417.0,426.0,87.5668143467,2800.0,0.0014591551,16.67,0.15,4
417.0,422.0,181.9130280131,2800.0,0.0030312775,16.67,0.15,4
418.0,419.0,200.7751286611,2800.0,0.003345583,16.67,0.15,4
418.0,425.0,264.7925913327,2800.0,0.0044123274,16.67,0.15,4
418.0,426.0,171.5410002881,2800.0,0.002858445,16.67,0.15,4
419.0,425.0,91.2968190158,2800.0,0.0015213094,16.67,0.15,4
419.0,433.0,191.7815783536,2800.0,0.0031957205,16.67,0.15,4
420.0,436.0,215.5232730852,2800.0,0.0035913363,16.67,0.15,4
421.0,430.0,111.5298699876,2800.0,0.0018584595,16.67,0.15,4
421.0,437.0,86.5865583067,2800.0,0.0014428207,16.67,0.15,4
422.0,429.0,149.1530060323,2800.0,0.0024853864,16.67,0.15,4
423.0,424.0,68.317965631,2800.0,0.0011384051,16.67,0.15,4
424.0,431.0,109.1943859489,2800.0,0.0018195425,16.67,0.15,4
425.0,432.0,87.2248991728,2800.0,0.0014534576,16.67,0.15,4
426.0,427.0,239.9144486598,2800.0,0.0039977746,16.67,0.15,4
427.0,432.0,73.920030754,2800.0,0.0012317542,16.67,0.15,4
427.0,441.0,220.4238228177,2800.0,0.0036729958,16.67,0.15,4
427.0,442.0,114.4695553007,2800.0,0.0019074444,16.67,0.15,4
428.0,440.0,98.3131112413,2800.0,0.0016382242,16.67,0.15,4
428.0,441.0,166.2465754489,2800.0,0.0027702222,16.67,0.15,4
428.0,442.0,72.8697561705,2800.0,0.0012142531,16.67,0.15,4
429.0,444.0,179.0556095228,2800.0,0.0029836634,16.67,0.15,4
429.0,439.0,169.3459452455,2800.0,0.002821868,16.67,0.15,4
429.0,440.0,87.0645453154,2800.0,0.0014507856,16.67,0.15,4
430.0,790.0,162.4509390922,2800.0,0.0027069743,16.67,0.15,4
430.0,675.0,174.8669426842,1300.0,0.0043721108,11.11,0.15,4
431.0,670.0,1502.7700956333,7000.0,0.0187865048,22.22,0.15,4
431.0,774.0,232.1588763307,2800.0,0.0038685409,16.67,0.15,4
431.0,677.0,767.298532261,7000.0,0.0095921909,22.22,0.15,4
432.0,443.0,210.3398363276,2800.0,0.0035049629,16.67,0.15,4
433.0,850.0,123.7931383189,2800.0,0.0020628064,16.67,0.15,4
433.0,433.0,91.8447502051,2800.0,0.0015304397,16.67,0.15,4
433.0,433.0,91.8447502051,2800.0,0.0015304397,16.67,0.15,4
434.0,435.0,64.7975308537,2800.0,0.0010797429,16.67,0.15,4
434.0,436.0,121.8408086227,2800.0,0.0020302741,16.67,0.15,4
434.0,437.0,113.7627926579,2800.0,0.0018956674,16.67,0.15,4
435.0,446.0,63.0989861011,2800.0,0.0010514395,16.67,0.15,4
435.0,449.0,108.8348168298,2800.0,0.0018135509,16.67,0.15,4
436.0,438.0,134.615692972,2800.0,0.0022431463,16.67,0.15,4
437.0,449.0,68.2896919953,2800.0,0.0011379339,16.67,0.15,4
438.0,446.0,102.8721144048,2800.0,0.0017141924,16.67,0.15,4
438.0,447.0,209.8787344888,2800.0,0.0034972795,16.67,0.15,4
439.0,452.0,116.8298214646,2800.0,0.0019467743,16.67,0.15,4
439.0,455.0,92.1232775483,2800.0,0.0015350809,16.67,0.15,4
439.0,441.0,210.0944584973,2800.0,0.0035008741,16.67,0.15,4
441.0,451.0,185.4618951014,2800.0,0.0030904135,16.67,0.15,4
441.0,442.0,97.3934469015,2800.0,0.0016228995,16.67,0.15,4
443.0,850.0,102.7183863153,2800.0,0.0017116308,16.67,0.15,4
444.0,445.0,179.2142072477,2800.0,0.0029863062,16.67,0.15,4
444.0,450.0,294.6823759145,2800.0,0.0049103909,16.67,0.15,4
445.0,453.0,130.7868562271,2800.0,0.0021793451,16.67,0.15,4
445.0,450.0,315.8466413515,2800.0,0.0052630581,16.67,0.15,4
445.0,452.0,87.7312956996,2800.0,0.0014618959,16.67,0.15,4
446.0,448.0,86.5781169062,2800.0,0.0014426801,16.67,0.15,4
448.0,449.0,71.6181795065,2800.0,0.0011933976,16.67,0.15,4
448.0,454.0,180.965803453,2800.0,0.0030154936,16.67,0.15,4
450.0,747.0,390.1826261243,2800.0,0.0065017434,16.67,0.15,4
450.0,829.0,105.9348924407,2800.0,0.0017652285,16.67,0.15,4
451.0,460.0,277.6466407358,2800.0,0.0046265187,16.67,0.15,4
451.0,455.0,201.1287229701,2800.0,0.0033514751,16.67,0.15,4
452.0,453.0,177.8947407475,2800.0,0.0029643195,16.67,0.15,4
453.0,455.0,172.1067440991,2800.0,0.0028678722,16.67,0.15,4
453.0,456.0,151.1631182476,2800.0,0.0025188815,16.67,0.15,4
454.0,655.0,146.4385946981,2800.0,0.0024401552,16.67,0.15,4
456.0,461.0,335.8469784522,2800.0,0.0055963304,16.67,0.15,4
456.0,461.0,147.3427466646,2800.0,0.0024552214,16.67,0.15,4
456.0,462.0,343.7597275223,2800.0,0.0057281832,16.67,0.15,4
457.0,458.0,201.6435913416,2800.0,0.0033600545,16.67,0.15,4
457.0,459.0,167.7403222973,2800.0,0.002795113,16.67,0.15,4
457.0,459.0,218.2936542506,2800.0,0.0036375001,16.67,0.15,4
457.0,850.0,199.7252438016,2800.0,0.0033280884,16.67,0.15,4
458.0,459.0,227.3446022058,2800.0,0.003788319,16.67,0.15,4
458.0,460.0,219.896961399,2800.0,0.0036642165,16.67,0.15,4
459.0,463.0,172.9238111578,2800.0,0.0028814872,16.67,0.15,4
459.0,463.0,142.9249737585,2800.0,0.0023816066,16.67,0.15,4
460.0,462.0,350.3172530051,2800.0,0.0058374534,16.67,0.15,4
460.0,462.0,273.1152862259,2800.0,0.0045510112,16.67,0.15,4
460.0,741.0,177.8333731816,2800.0,0.0029632969,16.67,0.15,4
464.0,465.0,119.1537987244,2800.0,0.0019854995,16.67,0.15,4
464.0,746.0,192.3957873016,2800.0,0.0032059553,16.67,0.15,4
466.0,467.0,207.3494642762,2800.0,0.0034551334,16.67,0.15,4
466.0,468.0,189.0671023743,2800.0,0.0031504883,16.67,0.15,4
467.0,551.0,193.4072760526,1300.0,0.0048356655,11.11,0.15,4
467.0,551.0,142.1011442588,2800.0,0.0023678788,16.67,0.15,4
467.0,552.0,178.7242278472,2800.0,0.0029781415,16.67,0.15,4
467.0,468.0,189.9174571459,2800.0,0.003164658,16.67,0.15,4
468.0,469.0,174.4724771723,2800.0,0.0029072932,16.67,0.15,4
468.0,469.0,144.0576393766,2800.0,0.0024004806,16.67,0.15,4
468.0,552.0,188.5856790491,2800.0,0.0031424662,16.67,0.15,4
468.0,796.0,138.4039842009,2800.0,0.0023062718,16.67,0.15,4
468.0,750.0,260.5089490027,2800.0,0.0043409476,16.67,0.15,4
468.0,770.0,187.9882342375,2800.0,0.0031325107,16.67,0.15,4
469.0,470.0,146.8190633072,2800.0,0.0024464951,16.67,0.15,4
469.0,552.0,139.6168106398,2800.0,0.0023264815,16.67,0.15,4
470.0,552.0,168.2189854059,2800.0,0.0028030891,16.67,0.15,4
470.0,770.0,146.0845737102,2800.0,0.002434256,16.67,0.15,4
471.0,472.0,143.9211927613,2800.0,0.0023982069,16.67,0.15,4
471.0,739.0,115.3391828198,2800.0,0.0019219353,16.67,0.15,4
471.0,705.0,94.0108915151,2800.0,0.0015665349,16.67,0.15,4
472.0,582.0,196.6778873336,2800.0,0.0032773093,16.67,0.15,4
472.0,584.0,150.695071768,2800.0,0.0025110823,16.67,0.15,4
472.0,583.0,121.8717951489,2800.0,0.0020307904,16.67,0.15,4
472.0,754.0,305.2359282418,2800.0,0.0050862482,16.67,0.15,4
473.0,474.0,361.0995960049,2800.0,0.0060171232,16.67,0.15,4
473.0,636.0,3813.3295115999,7000.0,0.047671386,22.22,0.15,4
473.0,476.0,392.1018171895,2800.0,0.0065337235,16.67,0.15,4
474.0,475.0,174.9202825106,2800.0,0.0029147551,16.67,0.15,4
474.0,669.0,208.1750888211,2800.0,0.003468891,16.67,0.15,4
475.0,476.0,162.2836841516,2800.0,0.0027041872,16.67,0.15,4
475.0,506.0,207.9986709,2800.0,0.0034659513,16.67,0.15,4
476.0,477.0,221.8260761161,2800.0,0.003696362,16.67,0.15,4
477.0,669.0,332.5737537271,2800.0,0.0055417875,16.67,0.15,4
478.0,819.0,202.2774939549,2800.0,0.0033706174,16.67,0.15,4
478.0,522.0,280.4980271759,2800.0,0.0046740323,16.67,0.15,4
478.0,522.0,159.7362859367,2800.0,0.0026617391,16.67,0.15,4
478.0,499.0,247.7962229317,2800.0,0.0041291112,16.67,0.15,4
478.0,524.0,134.2959595054,2800.0,0.0022378184,16.67,0.15,4
479.0,480.0,139.403639514,2800.0,0.0023229294,16.67,0.15,4
479.0,481.0,206.2609105987,2800.0,0.0034369944,16.67,0.15,4
479.0,500.0,121.2780642401,2800.0,0.0020208969,16.67,0.15,4
479.0,492.0,209.1320101722,2800.0,0.0034848365,16.67,0.15,4
479.0,502.0,217.9314229542,2800.0,0.0036314641,16.67,0.15,4
480.0,481.0,158.8413740158,2800.0,0.0026468269,16.67,0.15,4
480.0,502.0,231.4347483985,2800.0,0.0038564745,16.67,0.15,4
481.0,492.0,233.5003917331,2800.0,0.003890895,16.67,0.15,4
481.0,482.0,177.3226384819,2800.0,0.0029547864,16.67,0.15,4
481.0,483.0,190.3406589577,2800.0,0.00317171,16.67,0.15,4
482.0,483.0,237.5656447013,2800.0,0.0039586357,16.67,0.15,4
482.0,548.0,153.6277635008,2800.0,0.0025599507,16.67,0.15,4
482.0,504.0,263.2628877275,2800.0,0.0043868374,16.67,0.15,4
482.0,494.0,130.1472165924,2800.0,0.0021686865,16.67,0.15,4
483.0,484.0,118.8135316058,2800.0,0.0019798296,16.67,0.15,4
483.0,652.0,136.9879164818,2800.0,0.0022826754,16.67,0.15,4
483.0,548.0,207.7812439858,2800.0,0.0034623283,16.67,0.15,4
483.0,838.0,239.2204668932,2800.0,0.0039862105,16.67,0.15,4
484.0,521.0,315.994901504,2800.0,0.0052655286,16.67,0.15,4
484.0,485.0,231.6462083833,2800.0,0.0038599981,16.67,0.15,4
485.0,486.0,91.9663976062,2800.0,0.0015324668,16.67,0.15,4
485.0,487.0,330.7539756578,2800.0,0.005511464,16.67,0.15,4
485.0,487.0,333.5795946898,2800.0,0.0055585482,16.67,0.15,4
486.0,488.0,439.5289491755,2800.0,0.0073240177,16.67,0.15,4
487.0,509.0,171.2355698571,2800.0,0.0028533555,16.67,0.15,4
487.0,509.0,162.3038718432,2800.0,0.0027045236,16.67,0.15,4
488.0,489.0,124.0906477138,2800.0,0.0020677639,16.67,0.15,4
488.0,491.0,328.5328898713,2800.0,0.0054744533,16.67,0.15,4
489.0,490.0,80.3862464488,2800.0,0.0013395029,16.67,0.15,4
491.0,803.0,223.0811407697,2800.0,0.0037172756,16.67,0.15,4
492.0,493.0,194.1117250835,2800.0,0.0032345485,16.67,0.15,4
492.0,520.0,129.3071690147,2800.0,0.0021546885,16.67,0.15,4
492.0,590.0,196.7918420093,1300.0,0.0049202881,11.11,0.15,4
493.0,494.0,60.4110389603,2800.0,0.0010066493,16.67,0.15,4
493.0,495.0,177.7291430223,2800.0,0.0029615601,16.67,0.15,4
495.0,503.0,199.8592206695,2800.0,0.0033303209,16.67,0.15,4
496.0,497.0,162.2602743976,2800.0,0.0027037971,16.67,0.15,4
496.0,498.0,170.1912419692,1300.0,0.0042552066,11.11,0.15,4
496.0,589.0,143.8566190572,2800.0,0.0023971309,16.67,0.15,4
497.0,797.0,117.2879812306,2800.0,0.0019544088,16.67,0.15,4
497.0,516.0,78.6789287528,2800.0,0.0013110533,16.67,0.15,4
498.0,589.0,71.9862631263,2800.0,0.0011995311,16.67,0.15,4
498.0,590.0,71.6432423393,1300.0,0.0017912602,11.11,0.15,4
499.0,549.0,198.1423059133,2800.0,0.0033017114,16.67,0.15,4
499.0,551.0,274.7700737757,2800.0,0.0045785855,16.67,0.15,4
499.0,835.0,171.6388061513,2800.0,0.0028600748,16.67,0.15,4
500.0,501.0,111.101644286,2800.0,0.0018513238,16.67,0.15,4
501.0,502.0,191.1205899059,2800.0,0.0031847062,16.67,0.15,4
501.0,589.0,89.2815692045,2800.0,0.0014877286,16.67,0.15,4
502.0,519.0,98.9701752709,2800.0,0.0016491731,16.67,0.15,4
503.0,504.0,302.9250100029,2800.0,0.0050477406,16.67,0.15,4
503.0,510.0,131.2660142303,2800.0,0.0021873294,16.67,0.15,4
504.0,548.0,110.4842509228,2800.0,0.001841036,16.67,0.15,4
505.0,506.0,242.6263183147,2800.0,0.0040429634,16.67,0.15,4
505.0,507.0,96.2300625068,2800.0,0.0016035137,16.67,0.15,4
506.0,508.0,243.468517649,2800.0,0.0040569972,16.67,0.15,4
506.0,507.0,167.9641701765,2800.0,0.0027988431,16.67,0.15,4
507.0,508.0,81.2009110787,2800.0,0.0013530779,16.67,0.15,4
508.0,524.0,159.6633480861,2800.0,0.0026605237,16.67,0.15,4
508.0,520.0,108.8877139461,2800.0,0.0018144323,16.67,0.15,4
509.0,838.0,106.3079435747,2800.0,0.0017714448,16.67,0.15,4
509.0,838.0,115.2971256145,2800.0,0.0019212345,16.67,0.15,4
510.0,679.0,89.8098335692,2800.0,0.0014965313,16.67,0.15,4
511.0,512.0,103.2533355939,2800.0,0.0017205448,16.67,0.15,4
511.0,552.0,154.2942859025,2800.0,0.0025710572,16.67,0.15,4
511.0,550.0,240.4828050419,2800.0,0.0040072453,16.67,0.15,4
511.0,513.0,115.2487662031,2800.0,0.0019204287,16.67,0.15,4
512.0,575.0,137.7082470982,2800.0,0.0022946785,16.67,0.15,4
512.0,514.0,138.5121762101,2800.0,0.0023080747,16.67,0.15,4
513.0,514.0,100.7271946283,2800.0,0.0016784509,16.67,0.15,4
513.0,515.0,135.4490715967,2800.0,0.0022570331,16.67,0.15,4
514.0,650.0,106.3716442913,2800.0,0.0017725062,16.67,0.15,4
515.0,516.0,150.2469480552,2800.0,0.0025036151,16.67,0.15,4
515.0,549.0,276.5533870546,2800.0,0.0046083015,16.67,0.15,4
515.0,538.0,147.9237911199,2800.0,0.0024649035,16.67,0.15,4
517.0,518.0,140.5399709633,2800.0,0.0023418645,16.67,0.15,4
517.0,519.0,82.8685707536,2800.0,0.0013808667,16.67,0.15,4
517.0,525.0,167.2801564575,2800.0,0.0027874451,16.67,0.15,4
517.0,528.0,251.1508200285,2800.0,0.00418501,16.67,0.15,4
518.0,810.0,137.5283545202,2800.0,0.0022916809,16.67,0.15,4
518.0,797.0,235.6478260431,2800.0,0.0039266784,16.67,0.15,4
519.0,525.0,90.6675570671,2800.0,0.0015108238,16.67,0.15,4
520.0,851.0,70.6384212439,2800.0,0.0011770716,16.67,0.15,4
521.0,803.0,231.6503665492,2800.0,0.0038600674,16.67,0.15,4
522.0,523.0,73.0975608287,2800.0,0.0012180491,16.67,0.15,4
523.0,851.0,96.732742127,2800.0,0.00161189,16.67,0.15,4
523.0,524.0,106.7893245322,1300.0,0.0026700001,11.11,0.15,4
525.0,838.0,170.6524952716,2800.0,0.0028436395,16.67,0.15,4
525.0,526.0,238.2874815546,2800.0,0.0039706639,16.67,0.15,4
525.0,527.0,447.0990203128,2800.0,0.0074501603,16.67,0.15,4
526.0,528.0,197.5499836414,2800.0,0.0032918414,16.67,0.15,4
526.0,529.0,97.1053981455,2800.0,0.0016180997,16.67,0.15,4
526.0,530.0,169.1713550593,2800.0,0.0028189588,16.67,0.15,4
527.0,534.0,127.3609980592,2800.0,0.0021222588,16.67,0.15,4
527.0,530.0,246.3368126284,2800.0,0.0041047926,16.67,0.15,4
527.0,530.0,257.5726499444,2800.0,0.0042920191,16.67,0.15,4
527.0,547.0,164.5461036178,2800.0,0.0027418867,16.67,0.15,4
528.0,646.0,105.6900044328,2800.0,0.0017611478,16.67,0.15,4
528.0,529.0,100.148221361,2800.0,0.0016688033,16.67,0.15,4
528.0,570.0,333.9189012553,2800.0,0.0055642022,16.67,0.15,4
529.0,532.0,273.6634445891,2800.0,0.0045601454,16.67,0.15,4
530.0,531.0,126.8190152979,2800.0,0.0021132276,16.67,0.15,4
531.0,532.0,80.5280317992,2800.0,0.0013418655,16.67,0.15,4
531.0,533.0,170.6178699262,1300.0,0.0042658733,11.11,0.15,4
531.0,547.0,116.8963556771,2800.0,0.001947883,16.67,0.15,4
532.0,570.0,124.7597610858,2800.0,0.0020789136,16.67,0.15,4
532.0,533.0,97.6889878524,1300.0,0.0024424689,11.11,0.15,4
533.0,569.0,130.7108823551,1300.0,0.0032680989,11.11,0.15,4
534.0,535.0,99.7628704774,2800.0,0.001662382,16.67,0.15,4
534.0,799.0,195.7312037406,1300.0,0.0048937695,11.11,0.15,4
535.0,536.0,114.9951602264,1300.0,0.0028751665,11.11,0.15,4
536.0,837.0,172.5148726407,2800.0,0.0028746729,16.67,0.15,4
537.0,538.0,109.0403476654,2800.0,0.0018169757,16.67,0.15,4
537.0,539.0,166.4098897518,2800.0,0.0027729436,16.67,0.15,4
537.0,650.0,174.8737395425,2800.0,0.0029139795,16.67,0.15,4
537.0,544.0,123.6896055848,2800.0,0.0020610812,16.67,0.15,4
538.0,539.0,270.6468078827,2800.0,0.0045098782,16.67,0.15,4
539.0,574.0,137.4913111316,2800.0,0.0022910636,16.67,0.15,4
539.0,541.0,311.1041101296,2800.0,0.0051840317,16.67,0.15,4
540.0,541.0,322.5081111543,2800.0,0.0053740604,16.67,0.15,4
540.0,542.0,114.1273738598,2800.0,0.0019017425,16.67,0.15,4
540.0,646.0,84.6289839168,2800.0,0.001410201,16.67,0.15,4
541.0,546.0,240.6828682022,2800.0,0.004010579,16.67,0.15,4
541.0,562.0,310.9328437181,2800.0,0.0051811778,16.67,0.15,4
541.0,545.0,204.200554466,1300.0,0.0051055244,11.11,0.15,4
541.0,647.0,295.982484585,2800.0,0.004932055,16.67,0.15,4
541.0,570.0,276.1153365033,2800.0,0.0046010021,16.67,0.15,4
541.0,542.0,212.3819641691,2800.0,0.0035389916,16.67,0.15,4
541.0,563.0,310.2493867178,2800.0,0.0051697892,16.67,0.15,4
543.0,544.0,114.8753545386,2800.0,0.0019142064,16.67,0.15,4
543.0,545.0,210.4294025867,1300.0,0.0052612612,11.11,0.15,4
543.0,579.0,243.9495081504,1300.0,0.0060993476,11.11,0.15,4
543.0,564.0,103.2350192573,2800.0,0.0017202396,16.67,0.15,4
543.0,565.0,126.6366700652,2800.0,0.0021101891,16.67,0.15,4
543.0,566.0,205.2343590975,2800.0,0.0034198887,16.67,0.15,4
544.0,649.0,186.2604204749,2800.0,0.0031037196,16.67,0.15,4
544.0,574.0,177.6511594197,2800.0,0.0029602606,16.67,0.15,4
545.0,688.0,106.2512944697,2800.0,0.0017705008,16.67,0.15,4
545.0,574.0,112.0261252027,2800.0,0.0018667287,16.67,0.15,4
546.0,573.0,106.2613090396,2800.0,0.0017706677,16.67,0.15,4
546.0,569.0,138.5069315202,2800.0,0.0023079873,16.67,0.15,4
547.0,799.0,96.7845156263,2800.0,0.0016127527,16.67,0.15,4
547.0,609.0,121.3276747012,2800.0,0.0020217236,16.67,0.15,4
549.0,550.0,133.0292194784,1300.0,0.0033260631,11.11,0.15,4
549.0,550.0,128.0940001359,2800.0,0.0021344731,16.67,0.15,4
550.0,551.0,120.4608496722,1300.0,0.0030118224,11.11,0.15,4
550.0,551.0,116.85973404,2800.0,0.0019472728,16.67,0.15,4
553.0,576.0,85.4374271891,2800.0,0.0014236724,16.67,0.15,4
553.0,579.0,125.6421269931,1300.0,0.0031413673,11.11,0.15,4
554.0,838.0,104.353287838,2800.0,0.0017388737,16.67,0.15,4
555.0,556.0,308.9503720475,7000.0,0.0038622659,22.22,0.15,4
555.0,557.0,128.5043901657,2800.0,0.0021413116,16.67,0.15,4
555.0,778.0,110.2439918705,7000.0,0.0013781877,22.22,0.15,4
556.0,619.0,84.3910145179,7000.0,0.0010549932,22.22,0.15,4
556.0,618.0,137.078950685,2800.0,0.0022841923,16.67,0.15,4
557.0,558.0,134.2943072941,2800.0,0.0022377909,16.67,0.15,4
557.0,607.0,118.5303756536,2800.0,0.0019751112,16.67,0.15,4
558.0,608.0,122.2511576286,2800.0,0.0020371119,16.67,0.15,4
558.0,799.0,224.0574470698,2800.0,0.0037335441,16.67,0.15,4
559.0,560.0,100.0275014264,2800.0,0.0016667917,16.67,0.15,4
559.0,561.0,225.5952744136,2800.0,0.0037591694,16.67,0.15,4
559.0,572.0,152.1660063141,2800.0,0.002535593,16.67,0.15,4
559.0,571.0,150.6552680019,1300.0,0.0037667584,11.11,0.15,4
560.0,571.0,128.2863764605,2800.0,0.0021376787,16.67,0.15,4
561.0,752.0,133.7044761166,2800.0,0.0022279623,16.67,0.15,4
561.0,752.0,114.6451549827,2800.0,0.0019103705,16.67,0.15,4
561.0,562.0,167.7787127391,2800.0,0.0027957527,16.67,0.15,4
561.0,585.0,131.5532239013,2800.0,0.0021921153,16.67,0.15,4
561.0,585.0,185.5699031058,2800.0,0.0030922133,16.67,0.15,4
561.0,593.0,200.6909084806,2800.0,0.0033441796,16.67,0.15,4
562.0,563.0,80.6393368667,2800.0,0.0013437202,16.67,0.15,4
562.0,587.0,153.3462144104,2800.0,0.0025552592,16.67,0.15,4
563.0,573.0,79.2251830527,2800.0,0.0013201557,16.67,0.15,4
564.0,648.0,167.0829552828,2800.0,0.0027841591,16.67,0.15,4
564.0,688.0,147.4331499102,1300.0,0.0036861974,11.11,0.15,4
565.0,579.0,129.3784090271,2800.0,0.0021558756,16.67,0.15,4
565.0,588.0,177.9638771783,2800.0,0.0029654715,16.67,0.15,4
566.0,648.0,92.0205185813,2800.0,0.0015333686,16.67,0.15,4
566.0,588.0,92.9840527742,2800.0,0.0015494243,16.67,0.15,4
566.0,567.0,107.2288749483,2800.0,0.0017867906,16.67,0.15,4
567.0,568.0,191.935359413,2800.0,0.003198283,16.67,0.15,4
567.0,597.0,373.7049153597,2800.0,0.0062271698,16.67,0.15,4
567.0,586.0,106.8615131427,2800.0,0.0017806691,16.67,0.15,4
568.0,643.0,184.3486136791,2800.0,0.0030718625,16.67,0.15,4
569.0,570.0,147.9759934148,1300.0,0.0036997698,11.11,0.15,4
569.0,571.0,127.4891194275,1300.0,0.0031875467,11.11,0.15,4
570.0,646.0,311.615397216,2800.0,0.0051925514,16.67,0.15,4
571.0,573.0,122.3666910213,2800.0,0.002039037,16.67,0.15,4
572.0,606.0,364.3000752229,2800.0,0.0060704538,16.67,0.15,4
572.0,607.0,211.3546181318,2800.0,0.0035218726,16.67,0.15,4
575.0,576.0,78.3494629922,2800.0,0.0013055633,16.67,0.15,4
577.0,578.0,81.9512236107,1300.0,0.0020489855,11.11,0.15,4
577.0,833.0,96.5622347289,2800.0,0.0016090488,16.67,0.15,4
577.0,782.0,184.5724470779,2800.0,0.0030755923,16.67,0.15,4
577.0,768.0,302.1177225999,1300.0,0.0075536984,11.11,0.15,4
577.0,770.0,220.804486215,2800.0,0.0036793389,16.67,0.15,4
578.0,805.0,92.9338107069,1300.0,0.0023235776,11.11,0.15,4
579.0,580.0,128.7457760301,2800.0,0.0021453339,16.67,0.15,4
579.0,581.0,204.9944227633,2800.0,0.0034158905,16.67,0.15,4
579.0,649.0,119.5574202678,2800.0,0.0019922252,16.67,0.15,4
580.0,582.0,88.570798327,2800.0,0.0014758848,16.67,0.15,4
581.0,584.0,77.9120881924,2800.0,0.0012982751,16.67,0.15,4
581.0,588.0,88.9237032795,2800.0,0.0014817654,16.67,0.15,4
582.0,583.0,104.5615057061,2800.0,0.0017423433,16.67,0.15,4
584.0,700.0,83.9729023522,2800.0,0.0013992685,16.67,0.15,4
585.0,586.0,83.3524469324,2800.0,0.0013889297,16.67,0.15,4
585.0,587.0,108.0124262228,2800.0,0.0017998471,16.67,0.15,4
586.0,596.0,350.8562706431,2800.0,0.0058464352,16.67,0.15,4
587.0,648.0,144.031942627,2800.0,0.0024000524,16.67,0.15,4
587.0,688.0,166.3449391501,1300.0,0.0041590394,11.11,0.15,4
591.0,592.0,94.7098958519,2800.0,0.0015781826,16.67,0.15,4
591.0,593.0,123.3378820177,2800.0,0.0020552203,16.67,0.15,4
591.0,606.0,257.7774196867,1300.0,0.00644508,11.11,0.15,4
591.0,752.0,139.4200954115,2800.0,0.0023232036,16.67,0.15,4
592.0,594.0,90.4520150138,2800.0,0.0015072321,16.67,0.15,4
592.0,595.0,378.4994880754,2800.0,0.0063070634,16.67,0.15,4
593.0,594.0,149.2980018271,2800.0,0.0024878025,16.67,0.15,4
594.0,595.0,385.1490935862,2800.0,0.006417868,16.67,0.15,4
594.0,596.0,110.0317119767,2800.0,0.0018334952,16.67,0.15,4
595.0,599.0,184.0963455813,2800.0,0.0030676589,16.67,0.15,4
595.0,644.0,161.9394797018,2800.0,0.0026984516,16.67,0.15,4
595.0,681.0,124.4149948611,2800.0,0.0020731686,16.67,0.15,4
596.0,597.0,87.7688358592,2800.0,0.0014625214,16.67,0.15,4
596.0,644.0,314.6042302302,2800.0,0.0052423554,16.67,0.15,4
597.0,643.0,74.7875775767,2800.0,0.0012462104,16.67,0.15,4
599.0,600.0,103.9593920807,2800.0,0.0017323101,16.67,0.15,4
599.0,601.0,99.4359258859,2800.0,0.001656934,16.67,0.15,4
599.0,681.0,92.2497675682,2800.0,0.0015371887,16.67,0.15,4
601.0,602.0,256.0534641889,2800.0,0.0042667044,16.67,0.15,4
603.0,604.0,110.9321811752,2800.0,0.0018485,16.67,0.15,4
603.0,668.0,103.836302296,2800.0,0.001730259,16.67,0.15,4
603.0,621.0,113.978223108,2800.0,0.0018992572,16.67,0.15,4
603.0,611.0,251.0950456347,2800.0,0.0041840806,16.67,0.15,4
604.0,709.0,152.4844289252,2800.0,0.002540899,16.67,0.15,4
605.0,710.0,121.2784961516,2800.0,0.0020209041,16.67,0.15,4
607.0,608.0,129.51761741,1300.0,0.0032382643,11.11,0.15,4
607.0,666.0,200.1079843305,2800.0,0.0033344662,16.67,0.15,4
608.0,609.0,132.424304126,2800.0,0.0022066304,16.67,0.15,4
609.0,799.0,143.5564298649,2800.0,0.0023921287,16.67,0.15,4
610.0,611.0,143.9578328155,2800.0,0.0023988175,16.67,0.15,4
610.0,612.0,139.2868197074,2800.0,0.0023209828,16.67,0.15,4
610.0,620.0,259.7100087006,7000.0,0.0032466998,22.22,0.15,4
611.0,613.0,277.3631822097,2800.0,0.0046217953,16.67,0.15,4
611.0,613.0,152.3085572109,2800.0,0.0025379684,16.67,0.15,4
612.0,617.0,197.1425014077,2800.0,0.0032850513,16.67,0.15,4
613.0,614.0,114.7504716693,2800.0,0.0019121254,16.67,0.15,4
614.0,615.0,85.6070376209,2800.0,0.0014264987,16.67,0.15,4
614.0,667.0,169.9655563834,2800.0,0.0028321928,16.67,0.15,4
614.0,707.0,244.0183498778,2800.0,0.0040661593,16.67,0.15,4
615.0,616.0,77.4227183451,2800.0,0.0012901206,16.67,0.15,4
615.0,617.0,119.5502758831,2800.0,0.0019921062,16.67,0.15,4
616.0,667.0,84.0281402926,2800.0,0.001400189,16.67,0.15,4
616.0,666.0,132.1111203858,2800.0,0.0022014117,16.67,0.15,4
616.0,618.0,91.1447257311,2800.0,0.001518775,16.67,0.15,4
617.0,618.0,138.3077309039,2800.0,0.0023046679,16.67,0.15,4
617.0,618.0,148.9553185561,2800.0,0.0024820922,16.67,0.15,4
617.0,620.0,138.0841561685,2800.0,0.0023009424,16.67,0.15,4
618.0,619.0,118.3707328971,2800.0,0.0019724511,16.67,0.15,4
619.0,620.0,119.6086565255,7000.0,0.0014952577,22.22,0.15,4
621.0,621.0,61.4603490975,2800.0,0.0010241343,16.67,0.15,4
621.0,621.0,61.4603490975,2800.0,0.0010241343,16.67,0.15,4
622.0,623.0,92.1791185373,2800.0,0.0015360114,16.67,0.15,4
622.0,624.0,118.762630108,2800.0,0.0019789814,16.67,0.15,4
622.0,625.0,96.5818880315,2800.0,0.0016093763,16.67,0.15,4
623.0,758.0,118.4223623151,2800.0,0.0019733114,16.67,0.15,4
623.0,759.0,99.9443513675,2800.0,0.0016654061,16.67,0.15,4
625.0,758.0,158.2843776173,2800.0,0.0026375455,16.67,0.15,4
625.0,743.0,106.810191621,2800.0,0.0017798139,16.67,0.15,4
625.0,744.0,196.7267551205,2800.0,0.0032781236,16.67,0.15,4
626.0,627.0,299.13078047,2800.0,0.0049845161,16.67,0.15,4
626.0,628.0,110.3559409166,2800.0,0.0018388979,16.67,0.15,4
627.0,633.0,84.3934824157,2800.0,0.0014062768,16.67,0.15,4
629.0,630.0,90.8817797556,2800.0,0.0015143935,16.67,0.15,4
629.0,631.0,140.2282095007,2800.0,0.0023366695,16.67,0.15,4
630.0,633.0,70.6042458222,2800.0,0.0011765021,16.67,0.15,4
630.0,634.0,147.7111383058,2800.0,0.00246136,16.67,0.15,4
631.0,632.0,148.8338174845,2800.0,0.0024800676,16.67,0.15,4
631.0,634.0,163.8819536511,2800.0,0.0027308197,16.67,0.15,4
632.0,634.0,130.8002294995,2800.0,0.0021795679,16.67,0.15,4
632.0,642.0,86.7741800904,2800.0,0.0014459471,16.67,0.15,4
633.0,635.0,76.8251516816,2800.0,0.0012801632,16.67,0.15,4
634.0,635.0,96.9332044839,2800.0,0.0016152304,16.67,0.15,4
636.0,637.0,782.270803376,2800.0,0.0130352397,16.67,0.15,4
636.0,638.0,1148.2094626582,7000.0,0.0143540537,22.22,0.15,4
637.0,656.0,327.8884928038,2800.0,0.0054637155,16.67,0.15,4
637.0,858.0,236.6992768301,2800.0,0.0039441991,16.67,0.15,4
638.0,822.0,135.967426365,7000.0,0.0016997628,22.22,0.15,4
638.0,820.0,424.5953713668,2800.0,0.0070751745,16.67,0.15,4
640.0,656.0,133.3656894857,1300.0,0.0033344757,11.11,0.15,4
640.0,727.0,100.514686381,2800.0,0.0016749098,16.67,0.15,4
640.0,724.0,79.7841262212,1300.0,0.0019948026,11.11,0.15,4
643.0,645.0,110.963182213,2800.0,0.0018490166,16.67,0.15,4
645.0,783.0,109.8360955594,2800.0,0.0018302355,16.67,0.15,4
647.0,797.0,110.4404593321,2800.0,0.0018403063,16.67,0.15,4
649.0,650.0,114.8869881586,2800.0,0.0019144003,16.67,0.15,4
652.0,838.0,115.9063389454,2800.0,0.001931386,16.67,0.15,4
653.0,654.0,219.0389266188,2800.0,0.0036499188,16.67,0.15,4
655.0,675.0,189.89064402,2800.0,0.0031642112,16.67,0.15,4
655.0,675.0,203.3219818735,2800.0,0.0033880221,16.67,0.15,4
656.0,857.0,915.8565279181,2800.0,0.0152612232,16.67,0.15,4
656.0,820.0,628.5189389149,2800.0,0.010473221,16.67,0.15,4
657.0,658.0,80.9975931106,2800.0,0.0013496899,16.67,0.15,4
657.0,659.0,144.928895661,2800.0,0.0024149986,16.67,0.15,4
657.0,660.0,93.8983353012,2800.0,0.0015646593,16.67,0.15,4
658.0,760.0,242.4309659052,2800.0,0.0040397082,16.67,0.15,4
661.0,704.0,96.4845988419,2800.0,0.0016077551,16.67,0.15,4
663.0,665.0,103.9941921511,2800.0,0.00173289,16.67,0.15,4
664.0,665.0,118.7010919059,2800.0,0.0019779559,16.67,0.15,4
666.0,667.0,147.6502359239,2800.0,0.0024603452,16.67,0.15,4
667.0,707.0,68.016213987,2800.0,0.0011333769,16.67,0.15,4
669.0,821.0,4173.9483905986,7000.0,0.0521795728,22.22,0.15,4
670.0,671.0,717.2467117313,7000.0,0.0089664805,22.22,0.15,4
671.0,818.0,149.4204893883,7000.0,0.0018679429,22.22,0.15,4
671.0,760.0,310.1456316933,2800.0,0.0051680602,16.67,0.15,4
672.0,673.0,257.5209675062,8750.0,0.003219334,22.22,0.15,4
673.0,772.0,243.1953716262,8750.0,0.0030402462,22.22,0.15,4
674.0,675.0,1466.71463281,2800.0,0.0244403558,16.67,0.15,4
674.0,676.0,299.7857394075,5250.0,0.0037476965,22.22,0.15,4
674.0,827.0,852.3049789274,2800.0,0.0142022425,16.67,0.15,4
676.0,773.0,259.7145543136,2800.0,0.0043277104,16.67,0.15,4
676.0,766.0,107.352453529,2800.0,0.0017888498,16.67,0.15,4
677.0,678.0,283.4150246293,2800.0,0.0047226392,16.67,0.15,4
678.0,774.0,253.7932647375,2800.0,0.0042290419,16.67,0.15,4
679.0,680.0,310.0051432838,2800.0,0.0051657192,16.67,0.15,4
680.0,853.0,120.9156320395,2800.0,0.0020148576,16.67,0.15,4
682.0,683.0,64.9110472936,2800.0,0.0010816345,16.67,0.15,4
682.0,684.0,113.1922243112,2800.0,0.0018861598,16.67,0.15,4
683.0,706.0,119.9514263217,2800.0,0.0019987907,16.67,0.15,4
685.0,686.0,126.9634010028,2800.0,0.0021156336,16.67,0.15,4
685.0,687.0,400.0418164271,2800.0,0.0066660304,16.67,0.15,4
685.0,789.0,112.5600846405,2800.0,0.0018756263,16.67,0.15,4
686.0,706.0,176.30175301,2800.0,0.002937775,16.67,0.15,4
687.0,703.0,163.7962666626,2800.0,0.0027293919,16.67,0.15,4
687.0,703.0,112.9574773962,2800.0,0.0018822482,16.67,0.15,4
687.0,703.0,167.4227793989,2800.0,0.0027898217,16.67,0.15,4
689.0,818.0,604.8477843451,7000.0,0.0075613534,22.22,0.15,4
690.0,827.0,604.0052526442,2800.0,0.0100647413,16.67,0.15,4
690.0,772.0,684.438671688,2800.0,0.0114050302,16.67,0.15,4
692.0,809.0,62.4023563447,2800.0,0.0010398313,16.67,0.15,4
693.0,694.0,141.5399584761,2800.0,0.0023585276,16.67,0.15,4
696.0,702.0,135.7348189706,2800.0,0.0022617946,16.67,0.15,4
697.0,698.0,135.1513840089,2800.0,0.0022520727,16.67,0.15,4
697.0,843.0,195.4140810437,2800.0,0.0032562501,16.67,0.15,4
697.0,826.0,329.0941252259,2800.0,0.0054838053,16.67,0.15,4
698.0,854.0,124.6791529921,2800.0,0.0020775704,16.67,0.15,4
701.0,711.0,148.9414487465,2800.0,0.0024818611,16.67,0.15,4
703.0,709.0,391.2018264893,2800.0,0.0065187267,16.67,0.15,4
703.0,709.0,233.3998409806,2800.0,0.0038892195,16.67,0.15,4
706.0,811.0,165.2092864338,2800.0,0.0027529375,16.67,0.15,4
713.0,813.0,405.2491009147,2800.0,0.0067528011,16.67,0.15,4
715.0,719.0,98.4849820384,2800.0,0.0016410881,16.67,0.15,4
715.0,720.0,131.6407447286,2800.0,0.0021935737,16.67,0.15,4
716.0,718.0,113.5496398512,2800.0,0.0018921156,16.67,0.15,4
717.0,718.0,173.4982595166,2800.0,0.0028910594,16.67,0.15,4
718.0,781.0,123.0610877508,2800.0,0.002050608,16.67,0.15,4
718.0,725.0,181.6317649784,2800.0,0.0030265908,16.67,0.15,4
719.0,725.0,130.3616713506,2800.0,0.0021722601,16.67,0.15,4
720.0,723.0,122.5411808343,2800.0,0.0020419446,16.67,0.15,4
721.0,722.0,77.6995920926,2800.0,0.0012947343,16.67,0.15,4
721.0,723.0,109.2266925228,2800.0,0.0018200809,16.67,0.15,4
721.0,724.0,89.8062480185,2800.0,0.0014964715,16.67,0.15,4
722.0,727.0,186.3151597894,2800.0,0.0031046317,16.67,0.15,4
722.0,728.0,114.3986515031,2800.0,0.0019062629,16.67,0.15,4
725.0,726.0,118.3797245909,2800.0,0.0019726009,16.67,0.15,4
725.0,726.0,286.2494232355,2800.0,0.0047698697,16.67,0.15,4
727.0,730.0,118.3502552972,2800.0,0.0019721098,16.67,0.15,4
728.0,729.0,204.9659223556,2800.0,0.0034154156,16.67,0.15,4
728.0,730.0,140.4281978396,2800.0,0.002340002,16.67,0.15,4
729.0,731.0,256.6290963501,2800.0,0.0042762963,16.67,0.15,4
729.0,733.0,226.24211136,2800.0,0.0037699479,16.67,0.15,4
729.0,730.0,174.4067048938,2800.0,0.0029061972,16.67,0.15,4
729.0,730.0,142.6728152168,2800.0,0.0023774048,16.67,0.15,4
731.0,732.0,109.8025194066,2800.0,0.0018296761,16.67,0.15,4
731.0,733.0,129.425197951,2800.0,0.0021566553,16.67,0.15,4
732.0,734.0,235.1569181102,2800.0,0.0039184983,16.67,0.15,4
735.0,780.0,168.7687711757,2800.0,0.0028122504,16.67,0.15,4
736.0,736.0,107.641045725,2800.0,0.0017936587,16.67,0.15,4
736.0,736.0,107.641045725,2800.0,0.0017936587,16.67,0.15,4
743.0,744.0,118.0888817299,2800.0,0.0019677545,16.67,0.15,4
743.0,745.0,81.0564803094,2800.0,0.0013506712,16.67,0.15,4
744.0,762.0,81.5325612203,2800.0,0.0013586043,16.67,0.15,4
745.0,758.0,100.2410752421,2800.0,0.0016703505,16.67,0.15,4
746.0,747.0,194.6166120586,2800.0,0.0032429616,16.67,0.15,4
746.0,817.0,131.5366925366,2800.0,0.0021918398,16.67,0.15,4
747.0,792.0,336.5514617102,2800.0,0.0056080694,16.67,0.15,4
748.0,749.0,176.0853951352,2800.0,0.0029341698,16.67,0.15,4
748.0,750.0,107.0279814836,2800.0,0.001783443,16.67,0.15,4
749.0,768.0,173.3458372716,2800.0,0.0028885196,16.67,0.15,4
751.0,753.0,194.161783438,2800.0,0.0032353826,16.67,0.15,4
751.0,756.0,94.3569621758,2800.0,0.0015723016,16.67,0.15,4
751.0,756.0,103.376226869,2800.0,0.0017225926,16.67,0.15,4
751.0,787.0,203.3989887232,2800.0,0.0033893053,16.67,0.15,4
753.0,756.0,62.184719924,2800.0,0.0010362048,16.67,0.15,4
754.0,755.0,187.0763075733,2800.0,0.003117315,16.67,0.15,4
755.0,757.0,148.8431905632,2800.0,0.0024802238,16.67,0.15,4
757.0,759.0,72.6506703584,2800.0,0.0012106024,16.67,0.15,4
763.0,828.0,140.8939859049,2800.0,0.0023477635,16.67,0.15,4
763.0,773.0,200.5222669078,2800.0,0.0033413695,16.67,0.15,4
765.0,773.0,175.1681072372,2800.0,0.0029188847,16.67,0.15,4
766.0,767.0,294.8516404125,2800.0,0.0049132114,16.67,0.15,4
768.0,769.0,96.2334896631,2800.0,0.0016035708,16.67,0.15,4
768.0,796.0,133.2352658226,2800.0,0.0022201437,16.67,0.15,4
768.0,833.0,279.2866400797,1300.0,0.0069828643,11.11,0.15,4
769.0,770.0,175.3067432825,2800.0,0.0029211948,16.67,0.15,4
769.0,796.0,87.6393319679,2800.0,0.0014603635,16.67,0.15,4
773.0,788.0,350.5731170532,2800.0,0.0058417169,16.67,0.15,4
773.0,806.0,279.5313588733,2800.0,0.0046579244,16.67,0.15,4
773.0,848.0,127.0553387182,2800.0,0.0021171655,16.67,0.15,4
774.0,798.0,64.9629314488,2800.0,0.001082499,16.67,0.15,4
776.0,816.0,109.2755164907,2800.0,0.0018208944,16.67,0.15,4
778.0,836.0,88.6911854921,2800.0,0.0014778908,16.67,0.15,4
778.0,837.0,186.4334584641,7000.0,0.0023306513,22.22,0.15,4
779.0,779.0,121.2858350152,2800.0,0.0020210264,16.67,0.15,4
779.0,779.0,121.2858350152,2800.0,0.0020210264,16.67,0.15,4
782.0,804.0,142.0360120579,2800.0,0.0023667935,16.67,0.15,4
782.0,805.0,141.6743577136,2800.0,0.0023607671,16.67,0.15,4
789.0,811.0,91.0859574384,2800.0,0.0015177957,16.67,0.15,4
791.0,817.0,222.7443172734,2800.0,0.003711663,16.67,0.15,4
794.0,795.0,139.6395987437,2800.0,0.0023268613,16.67,0.15,4
797.0,810.0,91.4146129987,2800.0,0.0015232722,16.67,0.15,4
799.0,837.0,124.5498365063,7000.0,0.0015570287,22.22,0.15,4
800.0,801.0,99.8578899047,2800.0,0.0016639654,16.67,0.15,4
800.0,802.0,147.1647021711,2800.0,0.0024522546,16.67,0.15,4
806.0,807.0,104.3245862807,2800.0,0.0017383954,16.67,0.15,4
812.0,813.0,774.0072714083,2800.0,0.0128975417,16.67,0.15,4
820.0,821.0,749.1202729495,2800.0,0.0124828413,16.67,0.15,4
821.0,859.0,553.7213626266,2800.0,0.009226844,16.67,0.15,4
825.0,834.0,194.0241337302,2800.0,0.0032330889,16.67,0.15,4
826.0,843.0,132.7187629918,2800.0,0.0022115371,16.67,0.15,4
828.0,849.0,68.9226672971,2800.0,0.0011484814,16.67,0.15,4
829.0,830.0,362.2789732666,2800.0,0.0060367755,16.67,0.15,4
843.0,847.0,143.3704772398,2800.0,0.0023890301,16.67,0.15,4
848.0,849.0,79.139516302,2800.0,0.0013187282,16.67,0.15,4
853.0,864.0,449.6418306849,2800.0,0.007492532,16.67,0.15,4
857.0,858.0,389.8411985682,2800.0,0.0064960541,16.67,0.15,4
858.0,860.0,518.9347114059,2800.0,0.0086471824,16.67,0.15,4
861.0,861.0,96.7081859992,2800.0,0.0016114808,16.67,0.15,4
861.0,861.0,96.7081859992,2800.0,0.0016114808,16.67,0.15,4
