"path","bytes","sha256"
"configs/modeling.json","616","de976204ad992c39a84231439b297f6b32a7267c286c8d82abdf8447de191a57"
"configs/paper_config.json","52621","571c10f66d6b56994bcf687e3321a7ff85faa3ec85ef1f336eb46016aa5ca493"
"data/processed/city_features_emissions.xlsx","54149","2a03df199b68a66eab75abd8cf5cf561d2730e179d4ca16069e60cfd1fc8f8cd"
"k_center/results/original/1_kcenter_k10_binary_search.csv","664","eb8289680183fcbc9a55c5b0240456d66871e13ab3a4ca9ff806dca713e5de8f"
"k_center/results/original/10_kcenter_k10_binary_search.csv","649","9e9c0b86631be1f121472c82f41b9e33af7cb22ed0030a3f973f401190feb289"
"k_center/results/original/100_kcenter_k10_binary_search.csv","676","4e7d64832f090157a08c21c508f025b9c17dea2241a4de9a5ac84153367bd176"
"k_center/results/original/101_kcenter_k10_binary_search.csv","675","f196c4439219381223ebbdcaeaab95ea44b422c65a78f11ed7ce6185478407b2"
"k_center/results/original/102_kcenter_k10_binary_search.csv","666","fa39f6f19800f7044fc06ec0c570db99212df2d00c84e35215ca9838953a1ad1"
"k_center/results/original/103_kcenter_k10_binary_search.csv","664","9e90bb7e8fe25984fa707d417fe5af3e6fcf024290abe54b3981fc2445e3be53"
"k_center/results/original/104_kcenter_k10_binary_search.csv","658","550022b59b1e08545983fcd77b22971a367dba9129062844cd037796373abdfd"
"k_center/results/original/105_kcenter_k10_binary_search.csv","670","5506fcf0c7ab56936e256b9241a4e7d92efacd3298676506494ea26c60feeea3"
"k_center/results/original/106_kcenter_k10_binary_search.csv","669","e6cdb524744b389d27db8c27626f0bb0c2b8c2f2c69b831e30d0096063bfcf5a"
"k_center/results/original/107_kcenter_k10_binary_search.csv","654","8acfe36c4f9d17fd03532228a4058d785f2c6a83f1aba3458394c01f5f1ba62b"
"k_center/results/original/108_kcenter_k10_binary_search.csv","669","bc674eb104973ffb29b2560fe1f3e64bf4648c9087763e377ebfcb242ef667c6"
"k_center/results/original/109_kcenter_k10_binary_search.csv","666","5b783ca935e6510d808b1f5d04a4348dbd4451daf3df55be7fb7342d8253d0bf"
"k_center/results/original/11_kcenter_k10_binary_search.csv","666","0316164f8a394baed0fb369f47491faab8367fdd6fb6d97b89f077cb30e5bb89"
"k_center/results/original/110_kcenter_k10_binary_search.csv","667","28a14a9ac3640eb98cd3689260f0181ae8de67343d5a789bf29a26cd6ec90364"
"k_center/results/original/111_kcenter_k10_binary_search.csv","671","c6ef3d3f1f471873283828780b815421ad6265431cb9bcfb98e5eb1479ad0eab"
"k_center/results/original/112_kcenter_k10_binary_search.csv","670","e501bc59f4d0231a46eddf603a6c481a4a22952c42c3d0f94137ffb54658ccf0"
"k_center/results/original/113_kcenter_k10_binary_search.csv","677","dbd9c40fba67812c97599b78889d715389efa21ee8f829ae4a4b645edfcd1bf4"
"k_center/results/original/114_kcenter_k10_binary_search.csv","673","4ad77da86e68e3298c253ed14e37e03d59112487a4b39c0daf092b36181fbbbe"
"k_center/results/original/115_kcenter_k10_binary_search.csv","667","10d38c0dffb71c64fb84f320e1422d385235a7fe82f4a528db606f49a666a660"
"k_center/results/original/116_kcenter_k10_binary_search.csv","665","7a84a7d05357b691c0e35a96bdb5b571509469c993a650035d03c9df04774db1"
"k_center/results/original/117_kcenter_k10_binary_search.csv","671","a251c34aa1b3b5e056802ae9673c6099841e438fac3d3d9195e77e38624f31f1"
"k_center/results/original/118_kcenter_k10_binary_search.csv","664","e552bdb421c08cc8ff253fa75aaa3df6c1b6ba48667f81db84f3d7009908ae3d"
"k_center/results/original/119_kcenter_k10_binary_search.csv","674","00ce412a8f313c554f5318f1c77c47451072f15d36b4d230417682051a35dca1"
"k_center/results/original/12_kcenter_k10_binary_search.csv","669","c0b27a92e8476cabba8576e768941ce75c8cbf9f532aed8a520606c53788bd6e"
"k_center/results/original/120_kcenter_k10_binary_search.csv","661","988af7bea10cc212781433953f9ddfd877483d66c1af53566013500d4e7bb3b3"
"k_center/results/original/121_kcenter_k10_binary_search.csv","667","444fce0d9b6a95755d9a4d0ef5e2519e5f153295ea150b1e87a68c078dce78ff"
"k_center/results/original/122_kcenter_k10_binary_search.csv","670","b96a631b66f10cc2ca08de95560c6169bd1bc82672f74de69dcd5e9289eda2fd"
"k_center/results/original/123_kcenter_k10_binary_search.csv","662","dd50131686b4649d2452b6cb61ddce9ce1531dbd29a298e30b0a127b0413b387"
"k_center/results/original/124_kcenter_k10_binary_search.csv","658","1c61790d8528289b5097a9b1290ec4ad358530883c96109443fb43f69d7906f4"
"k_center/results/original/125_kcenter_k10_binary_search.csv","665","f7b08149d0b0fc429c89ecfd357286f0294f0c0ed111630dc32dfb126cb1637f"
"k_center/results/original/126_kcenter_k10_binary_search.csv","669","502501af5092cd2de4e38b9001d11eeca5e732130a14d4c98e1a50ee06697cf6"
"k_center/results/original/127_kcenter_k10_binary_search.csv","665","41ec90c3dcd237ae2748347b7dada2e4d39e1a9deadaa4a914e18b07ea1970ad"
"k_center/results/original/128_kcenter_k10_binary_search.csv","670","658376da2be55bf24f32ddd28129b3c6ff00f4a53bafebf8696e04cb56a71e7d"
"k_center/results/original/129_kcenter_k10_binary_search.csv","661","97f610ca08b6ff7ba4deab15984c539361bcdebab33d7170b38b957cb31928df"
"k_center/results/original/13_kcenter_k10_binary_search.csv","678","0d04698e66d5b799a1e923181795ee784bdad80a36698e7b92393b02e2e9f405"
"k_center/results/original/130_kcenter_k10_binary_search.csv","660","e9751c8eac513a81be9f9b594ed1ca3ec09ce9ba04fa974fb522aa644d5f07d7"
"k_center/results/original/131_kcenter_k10_binary_search.csv","667","ef57e15c88923d7601a2b4524d9ad23bb1a52ba2e76b1b2d0f352152fe669812"
"k_center/results/original/132_kcenter_k10_binary_search.csv","661","4dbf1c08b11edf7a3adc08aff289c767028b86bfdf6d25bd527baa57c1ccd8ce"
"k_center/results/original/133_kcenter_k10_binary_search.csv","668","6132496d58683d0d33eb1b7fcf6c69aa04260ba3327262a8cf9d148e54fe9269"
"k_center/results/original/134_kcenter_k10_binary_search.csv","660","8fc7611769fbac1a7b12a179d497a54872a8bf3406d3f8f3a314f48eaabd45c9"
"k_center/results/original/135_kcenter_k10_binary_search.csv","661","bb5bcedd65d345a3808c5be974e30cc53f00686c8f4ba64e35894f0a139117a8"
"k_center/results/original/136_kcenter_k10_binary_search.csv","659","8171c62b4fbe56e7db5254e911a5e41e8c84a5c77f8f61759daaa131a683bced"
"k_center/results/original/137_kcenter_k10_binary_search.csv","659","1b4e91d185caf464d3ef0789858b56f219abbbea6eb78983cf6eabd59fc439e1"
"k_center/results/original/138_kcenter_k10_binary_search.csv","667","64c33cf0f69d78f44e90bc969995bd469109fd64426d066d82462e24eba725a2"
"k_center/results/original/139_kcenter_k10_binary_search.csv","656","eb028b0e9469d7d47c91414619f145120e240144257d223e1376f9b9efa4e419"
"k_center/results/original/14_kcenter_k10_binary_search.csv","676","080c714250123952671872e2a441789de8c65ae515b7f200bb625f01dcac4e82"
"k_center/results/original/140_kcenter_k10_binary_search.csv","665","5ffe1ce332504890835740d8d3c4e71d4e4a81b219671dec2349ed05ffbf96bf"
"k_center/results/original/15_kcenter_k10_binary_search.csv","662","1855b273388f8843e785c86242d4206b0551be9b05e5ccfaca21d1b897d917d8"
"k_center/results/original/16_kcenter_k10_binary_search.csv","678","6ee71384158df87e76eacfd922ebe0e860eb95134124d9952766bbf5a8fbcfad"
"k_center/results/original/17_kcenter_k10_binary_search.csv","662","ac381bafd61b6ec575f32a9e77d9f9813f72e4322874980cec1897497bef2ab0"
"k_center/results/original/18_kcenter_k10_binary_search.csv","659","38d8ec1f1519c3e6ebd7eff296812c39c17cad2eebf46b23255e5a273b1facff"
"k_center/results/original/19_kcenter_k10_binary_search.csv","666","0815ee9fde0f0e723c04c50542130dc9a3f805d9c341ea40bde93007b99c952e"
"k_center/results/original/2_kcenter_k10_binary_search.csv","661","b5c340c6823eb63b2f8db7b5c3e4de0c9ae71d9ebe9468255ed8e6b240fd5da3"
"k_center/results/original/20_kcenter_k10_binary_search.csv","664","127a1c62152b7b2811ad1e9685be10fa312087deceaab24f9aa28b19d8de511f"
"k_center/results/original/21_kcenter_k10_binary_search.csv","664","3c8be08c47361e9d8e4ac47eed555a4067b53613167c1a9bc04ac4483b7e0a86"
"k_center/results/original/22_kcenter_k10_binary_search.csv","655","252c3a4133415b8719e5eca5b00bbe8f9b44fdc453b871ef0d5cf5964ac127e4"
"k_center/results/original/23_kcenter_k10_binary_search.csv","670","0cfbd2b2621009e1268c98fc8b9370d4f82a79f928d830534e1fff66aae91ab0"
"k_center/results/original/24_kcenter_k10_binary_search.csv","669","00dc77b4bc272e91b55b7810bb4212d8f0de2aacc270c1140c9dafb9b6026627"
"k_center/results/original/25_kcenter_k10_binary_search.csv","652","2f41d122961f37eb018a469c52cbd4da7715390044a8e37e9027aa331e4691f8"
"k_center/results/original/26_kcenter_k10_binary_search.csv","658","43f9d0d8f9a8ecc71ecd40072970c5bb4d3b00e49d45827a00a466492e225fd0"
"k_center/results/original/27_kcenter_k10_binary_search.csv","656","7c788acbe5b63243d574f12e2daf36ddb84a49cf56694960163c5e01ee8bca47"
"k_center/results/original/28_kcenter_k10_binary_search.csv","670","459f6db00cf0c763296ab2e936707e84c2d5fd059f33e9c73fdf98931076675b"
"k_center/results/original/29_kcenter_k10_binary_search.csv","666","5ab1e47c6ea209442c4286a404b6fb4bc9fdef266ed1d48959acb72d186e160a"
"k_center/results/original/3_kcenter_k10_binary_search.csv","663","d53db45468595a74a0f70e49dffb746d885267f9979afa761ec8371750425397"
"k_center/results/original/30_kcenter_k10_binary_search.csv","662","9cd07e8f8dec5a24e1224768d3a4036b57f6f60f0b9bd11c51a23cca04cec4db"
"k_center/results/original/31_kcenter_k10_binary_search.csv","666","795821800b7439d03a1a16ad7f47bdf33762e6b45f632ba89942d83a6effbb88"
"k_center/results/original/32_kcenter_k10_binary_search.csv","680","98a52f9308634e73575ce42f92dd299b66b8433abdc3cba90be0a883fcd955f0"
"k_center/results/original/33_kcenter_k10_binary_search.csv","665","8867ebd291a1bc931530029fb999af29bfc455e819e0b16b100c5232b8c0c049"
"k_center/results/original/34_kcenter_k10_binary_search.csv","646","215322da07d18afc68d90e341d4870fa9781184e0d7c74233d20178678ee8809"
"k_center/results/original/35_kcenter_k10_binary_search.csv","656","2161b5f4cfd4da8d91ecb1304e93d20adbc3a2f455a881d0b5b87dd8239f6170"
"k_center/results/original/36_kcenter_k10_binary_search.csv","658","db6a2f14309b0bd155d92921eba9525cf9018fc0940fc73b2a122a1d4743dc13"
"k_center/results/original/37_kcenter_k10_binary_search.csv","654","2539086754783294d52d9b994028f6df73348477b92d644cf6f1bf9967fd281a"
"k_center/results/original/38_kcenter_k10_binary_search.csv","671","1ebdb47ca0597ddfeaea2002921760ed8f588f9554b0f11a610270296a638cb0"
"k_center/results/original/39_kcenter_k10_binary_search.csv","651","5d7d71d71f87c11fd7a7f6c86c5b821fae90f7a1a7c7f0fceabd7fb7252b93b9"
"k_center/results/original/4_kcenter_k10_binary_search.csv","675","0fae5fcab4043b9da9cc52594cfde175d9db6ccc3d8e7de07d8ad5c7f21057eb"
"k_center/results/original/40_kcenter_k10_binary_search.csv","671","fa7e7e3bdf9d5dd98b1bebd0798c73757fa5007f348b3f55d57cbd17d939d8c1"
"k_center/results/original/41_kcenter_k10_binary_search.csv","669","123caa30ec9cd7a7ffbf72b14edbb75738169bc10b3c90243a67791dc03421ed"
"k_center/results/original/42_kcenter_k10_binary_search.csv","673","8c8f4ca189b7e3d17e7e9c0b9c50b03decd3c368c7ae35e0f213bb51f159ac7b"
"k_center/results/original/43_kcenter_k10_binary_search.csv","636","3b3a4d85a919a8345196cedfe242d9fad9710109db3f34e1cf8bdd864c0ef690"
"k_center/results/original/44_kcenter_k10_binary_search.csv","664","b878ab44be1fef5c2cf7d334bda363b571f97484b79e38e9a8e344599b4e1214"
"k_center/results/original/45_kcenter_k10_binary_search.csv","650","c1e3602b811239d267f66907afce4f5533f0f63028be206ed7f30926dba00e8e"
"k_center/results/original/46_kcenter_k10_binary_search.csv","672","ed48f889ac2cc72868899ed9b9eac45394b3d7d49d8c31dba8b7095a8f697a18"
"k_center/results/original/47_kcenter_k10_binary_search.csv","670","eab7cdb471a7835db73573e99f0e8b9344d4b9926f066cce04ebc593d7926870"
"k_center/results/original/48_kcenter_k10_binary_search.csv","651","058a7a350a992a43c7177650560c7df4708a8000cf0e72bf5ccdd6edd94456a8"
"k_center/results/original/49_kcenter_k10_binary_search.csv","677","dcccafcc697abba6da4c1866f212d4d1fd86186e3b3b33d683f2a8237303617d"
"k_center/results/original/5_kcenter_k10_binary_search.csv","664","2d97257687872d95d5ccd679377cb7d7a866475f3210dd61e3bbfcea0ed54158"
"k_center/results/original/50_kcenter_k10_binary_search.csv","673","6f1e800977865254cc5e2854371bc68401947fc2686ae70a294cd726116adcba"
"k_center/results/original/51_kcenter_k10_binary_search.csv","653","e2e15eed4f656e074037adb35871499b417e100f66cfbb1aa0429b4aaab85afe"
"k_center/results/original/52_kcenter_k10_binary_search.csv","659","bba40c41cf2f1f666ea0771c4ee529bd10d9d5d1c6f62febb606d546cadcf0fe"
"k_center/results/original/53_kcenter_k10_binary_search.csv","657","74e6619f4774431921d226470e0372655a0ba346ebda0844cc5ca30bc552d63d"
"k_center/results/original/54_kcenter_k10_binary_search.csv","671","ee25c3276d4e48c94e5fa8c0f2a61396286b5ffeac2ca2531ad809b476100e50"
"k_center/results/original/55_kcenter_k10_binary_search.csv","662","5774460a7d12bc3f150dd3cc46d74bd033adf08655c6cd62a061723699d275dc"
"k_center/results/original/56_kcenter_k10_binary_search.csv","652","9da933cbc88c56c2daefee1235550613a1c6e771561ef60ee1a0a57f0b86a165"
"k_center/results/original/57_kcenter_k10_binary_search.csv","668","40eec555da5edb2572a4684c58d6a3df76a9d3bc8e9c44a2e166506c8234646b"
"k_center/results/original/58_kcenter_k10_binary_search.csv","665","31d96c9e739042bbcbf5fe31c525ed61843d0a733380122f46de802f0e594494"
"k_center/results/original/59_kcenter_k10_binary_search.csv","663","6d01900b0e58db6109df37a8117a3e1f135c03c7748e1f02fb0db623b7488909"
"k_center/results/original/6_kcenter_k10_binary_search.csv","662","e752a2fdbfdd9aa7860fbac765b959e01e8944b9a8cbe74f4c21d3060f5eaa6f"
"k_center/results/original/60_kcenter_k10_binary_search.csv","677","afe2ffd17b68222e8b62be0984653547763e249b6cdbd7b0bccb35f29bcf709a"
"k_center/results/original/61_kcenter_k10_binary_search.csv","660","8752e3b2d7896e4b02ccffd2ec85a2d1dc38524b85e067bae53eeccdd440e61b"
"k_center/results/original/62_kcenter_k10_binary_search.csv","665","57f31fcea3e2b5f0accc1d1856d04245b46d718ba7d3277878a7d71fe25ab0ea"
"k_center/results/original/63_kcenter_k10_binary_search.csv","663","3ee685c5f81e2b474812c5f868b0b1e9b23ca38c2334385b835b47fa160a7ef4"
"k_center/results/original/64_kcenter_k10_binary_search.csv","648","7e16977d26f843ab767b95b0fb1a7c18dcc683953b262c455056d25eb22d64a7"
"k_center/results/original/65_kcenter_k10_binary_search.csv","649","c5b13490faedb38252758c0419ef9232a6b92a2305cce53fe5bc292f913473c0"
"k_center/results/original/66_kcenter_k10_binary_search.csv","666","689d35af139917498a594f3969b195ab5fadb25d0294172fb0f4b664dd76d04e"
"k_center/results/original/67_kcenter_k10_binary_search.csv","669","19be2d182f837c45d891c0aeaed823241d07a10beb3dae0f0379173ff12610de"
"k_center/results/original/68_kcenter_k10_binary_search.csv","666","c6a8825c7b6b839c7cb91989395c9937d293b3fd4713ee2187f1b4ab4366a626"
"k_center/results/original/69_kcenter_k10_binary_search.csv","666","a43cc9ef533b6ea55dc91d3ea68435126025129a1428f8b47850d205e9daf565"
"k_center/results/original/7_kcenter_k10_binary_search.csv","662","736853e04c6b980ca11625bc2998cde34ff32ef41a082d1e85b6aab97d1dc5d1"
"k_center/results/original/70_kcenter_k10_binary_search.csv","649","2fee0319287e2747b576cf78be577291272ed810b006a90fdb21c6467b14db4f"
"k_center/results/original/71_kcenter_k10_binary_search.csv","670","d4891a24a6ae8f56c6bbef36ee42e7a623dfa524c22d69d3613e3dde8900bab0"
"k_center/results/original/72_kcenter_k10_binary_search.csv","669","50f0992d6b4c7137368fe2b18c10aa94e4901bef27b8bb06556388c389e7d03b"
"k_center/results/original/73_kcenter_k10_binary_search.csv","662","5f02064514ab89ffac22574f2bffa9d906168dd39f2af0efa8733a54de9fe484"
"k_center/results/original/74_kcenter_k10_binary_search.csv","669","60b9dd9d870400262616ec8e36c417a2d806c3be65981efb7366bba94eb56707"
"k_center/results/original/75_kcenter_k10_binary_search.csv","668","3e7b22311e41d16c5420274a67bd071c1f7c88aef9fedd45a1e1ee02b63fa32e"
"k_center/results/original/76_kcenter_k10_binary_search.csv","658","043ceb35dc377e15e77db607a2caa6d5c5e915d33eafa8712ebad73c3c22fdd0"
"k_center/results/original/77_kcenter_k10_binary_search.csv","653","5baf37af1f5e7cb4c2463888ee0342f4ed1c01393862718ce3b5b2057b0f54e4"
"k_center/results/original/78_kcenter_k10_binary_search.csv","670","ed01c1f28cf27a7ace5e4c64cb93646b9b8680eac6d02b56fd5b51e784c9a4cb"
"k_center/results/original/79_kcenter_k10_binary_search.csv","672","faedfb4e3a6ea26d3b0a08f93cab769aa3fb650c9617d523e5b4b604e70de1ad"
"k_center/results/original/8_kcenter_k10_binary_search.csv","670","e51906faf82b75769ce9c6d9827896a2e488c1b05fe4399f93ef863925743d72"
"k_center/results/original/80_kcenter_k10_binary_search.csv","664","82088c06339d8e8d3ff78f6abc2ecb610094c78b76c68950c0301adb47535f06"
"k_center/results/original/81_kcenter_k10_binary_search.csv","664","18ceb9a66bb4dc0f6c4f60df054e5d69c6146e889a28f0ab427658951ed699e2"
"k_center/results/original/82_kcenter_k10_binary_search.csv","668","c274cc4f8574d7721aee16a03b9ae9fe95001059203ad39b996795775a9be1f2"
"k_center/results/original/83_kcenter_k10_binary_search.csv","658","c3afcb31969bc8a633c7170ada3bb6123274a9fac44ec488b6c903cc4b1e5074"
"k_center/results/original/84_kcenter_k10_binary_search.csv","654","9f2922bb5c4327d75a9f3ef620c1cf081939b1b0d84586ded4f073f5abde5c27"
"k_center/results/original/85_kcenter_k10_binary_search.csv","679","46e2873c961e081005f94161c68739adb6d5b916db8a7ca1a191ed09eeb48299"
"k_center/results/original/86_kcenter_k10_binary_search.csv","657","792a645b418773f7ffc354b141a8dd15d87d1d6358ba0d2e298a6f6290365c84"
"k_center/results/original/87_kcenter_k10_binary_search.csv","670","7c7a74cee08834b7d489937b84a13b618f8e882b51e1e30f8f4700776c9e3e03"
"k_center/results/original/88_kcenter_k10_binary_search.csv","662","e0dd82891a59cbf0694c8d6dccdec5208602b579ea6b49725ddce69d13a68435"
"k_center/results/original/89_kcenter_k10_binary_search.csv","654","5266243cf98e10e9b58d5f18e8fad438aabcedb024d89316a4eebbefa9e8beb2"
"k_center/results/original/9_kcenter_k10_binary_search.csv","671","1b548961d45ab5313ecf20ad8598bc8966b5a9c2b0ad15e00a67ac26984bc689"
"k_center/results/original/90_kcenter_k10_binary_search.csv","654","f7bd3394ea78904f4228878bc3c97c49ff088e98d677501226bd771f7f064fa5"
"k_center/results/original/91_kcenter_k10_binary_search.csv","667","7a4b41648ce1df40b7b619870cf997d822735786464e0efde20797460f5911af"
"k_center/results/original/92_kcenter_k10_binary_search.csv","668","c5ca880dd89b64114ab4c4392374d11c46eac6095661c0c7db6ee57f5cb870e9"
"k_center/results/original/93_kcenter_k10_binary_search.csv","662","a8a498dc20b1606bcc30a320b0c2b2c8e0507356dd0d54fa6f8b26bd8f80c6e6"
"k_center/results/original/94_kcenter_k10_binary_search.csv","667","035eb237ae0c56590679b832a78285834e934fdb58a49e25dcd13095e5c23b07"
"k_center/results/original/95_kcenter_k10_binary_search.csv","665","51caa4f6cd9d5e3420ac8bfb0ab1f23bca86c4269cdcadd6820e182308bd1639"
"k_center/results/original/96_kcenter_k10_binary_search.csv","670","5fcf6af7adf863186cba034e3809d6e583f2a760437c50aac17d2e35b7f55390"
"k_center/results/original/97_kcenter_k10_binary_search.csv","665","ef53cbfc3763aeb7736727f90d807627af726a9c77c5faa27097cee2ba88f741"
"k_center/results/original/98_kcenter_k10_binary_search.csv","661","1b60b0f1c889a40e25ecaca0b1bc1986eb1ec1f75ed4886b8eec6b57969ce7bc"
"k_center/results/original/99_kcenter_k10_binary_search.csv","666","89120cc8f6c66942733dd165613630b10b8eb679bf901ff8ea8d15da77bee0b8"
"network/1-original_link.csv","31946","83d044c0687a8eba9ab4efacd980e23811f05430ffab2b79e70576e4ed86df1a"
"network/1-original_node.csv","12205","f80f5c099477840d72bfc344d6d55da261761b043ee24716a2d4ca4d509f4d71"
"network/10-original_link.csv","11847","53b53bcbb803ec07b63320950f665a75eaf0a4f16c1a64e04ea27cfce883785e"
"network/10-original_node.csv","5003","90f373ad93470749270a4dbf5cd2d3d5194229b736bec1e5f30e0ab94e07338a"
"network/100-original_link.csv","81836","41502f144622cb71abadf7a57fbdb6493e157744efbb2716fb9e7eb7e1d7066b"
"network/100-original_node.csv","35664","adb287ac7e251041b751a089214ae94bfb8f1d61d506294c477e16f64c988efb"
"network/101-original_link.csv","73296","b9f1873bf9af6dfa50b33334e4e1d975ba68d395e4c29a943f77d9b84d4b9a52"
"network/101-original_node.csv","31542","9bd5dcc5426d5f112ea271015729c8a4b6ecc712bb65029740ed187d727d43cf"
"network/102-original_link.csv","74014","7da3900fc476b62ce268b567b3b4382620138d93ce27e99107440e7bbe6441d3"
"network/102-original_node.csv","28632","f15dbc1c7db4774973c3287f5d7d971063e3d7b87990e36736430afaf8a4a027"
"network/103-original_link.csv","56276","130d293ecc914ece1fcefbf2459e954182de6b3513da1657bd969f2402c8cf31"
"network/103-original_node.csv","23627","b79d4b0685466eac53d34e992307d30db90f6d2fd6b7e1ac4bfeb2bd6b8ba949"
"network/104-original_link.csv","89926","6a4203dabeb41bcc0252de4560d9b03537bbb7169ff2677be036e80c54832d8f"
"network/104-original_node.csv","38486","42bb9b40fe0b777b1ae2de05aa97e17b4fc1df2844ee478145a3e99a81253380"
"network/105-original_link.csv","85556","d8d1d5a6e53b582faf65db0d8a1fd8e624df898124f3a682b99a8681e7643dcd"
"network/105-original_node.csv","34947","951d6387e7c1a38ee8914150be1ab15465e1467b78371d36af6bc06e79da11b2"
"network/106-original_link.csv","97747","8d7f66164a7701578ec29b0a447a01085a52b844c5aa040667354cd1a736476e"
"network/106-original_node.csv","40626","ec91ceebc32c2334b5b75a1b716cbab542cb571106a80178d92468936a7788fe"
"network/107-original_link.csv","41951","fb387f9d7ab27ef1ce131142501ed617782b4df55e90a7b62191cd7cbe3d1037"
"network/107-original_node.csv","18562","91284b213a72bcc33882be7b00207238ebbd9089834290b8d75503b42d0c3845"
"network/108-original_link.csv","87036","07fa80a29564aa884d210844da612d286876e795327fb5d5c481a887cef4d7f2"
"network/108-original_node.csv","36903","4a2d1b5b0205b3f7513c6b9c6570e9cabca29c94a1afb4f87fc9bf54c948396c"
"network/109-original_link.csv","90434","2dea160339fc9d3f82be89525aff6d9bab549bb1f8e6565c22e32f7378196486"
"network/109-original_node.csv","38503","89eee5bf3db3b5c5ac84964c9b4c6e4c46eb47a2afed455002e943de1ae3828a"
"network/11-original_link.csv","31010","9ea6b6bfc77db949afb9f2562482f5e57ea3e2a34681f38d1c80453596e02cc9"
"network/11-original_node.csv","12951","1e2f1073a2901af4b02d2e8cc9ad7afb47088bf865b44b340486949f0c09b2da"
"network/110-original_link.csv","85641","721470b6ccb0522f8aaea8632b6ccc43b4674f3c0b659478d1009b37c8bd9aa8"
"network/110-original_node.csv","34671","adc4cf1651cb59f842b07bf9100f3ab0ce27a4237eeb8671391591abb6acf421"
"network/111-original_link.csv","101012","2266b11c11158f29b4f5bf06520acdfd44e6e0916ad2cac35f11fbce64e83c4e"
"network/111-original_node.csv","37898","d56b79c7fead33f05d8b1e660ec284dc7bd0c10e1d566b3acb19619bb8f763fe"
"network/112-original_link.csv","65093","c23eb6b2fddc9f9d15eb34886e71682aeb3407c2d2093cd33c23968c493cb315"
"network/112-original_node.csv","31979","ec1be20f17c075327d6779abefe29033518629ca90b8e554cbcd3eacf5a26c23"
"network/113-original_link.csv","91389","e0fa16e6110b68d34d3d17d55f973ef8d596b1a1480c8856121ad0b1034a300b"
"network/113-original_node.csv","36551","0185a2f676d53e564e8e5d24adaf0337ce4d2c59855f43e4e6f8b1bb750cfe4e"
"network/114-original_link.csv","53097","49751307fb213eefcde0cf803a73d84c31155dd49e8b7f553a7b278952253fe8"
"network/114-original_node.csv","22056","3ab62b943d06c82ba6e122e4e598ab40a133889c0039a2c656261cfd9090db7a"
"network/115-original_link.csv","85262","43f79df2d37899b145c69c1f8debe53caaf69fc5ccbbc3ad9f855163788427ba"
"network/115-original_node.csv","37336","28dc5441308fcce4bfa43b8bc82ac84dc7dbd239974452b8f6f9adb2bd02e989"
"network/116-original_link.csv","39778","effa27ef08d877adf51e99a856c0fe06738b685a2272cfcd1c9780c0cd4de1b3"
"network/116-original_node.csv","17032","2354e8d224b413a6b8410aa3f5fffda2554c2d3f854555a250ad500580cbdbe1"
"network/117-original_link.csv","43847","058ab99e26d4fc61d0f98e0b6651a57c8fed444c515428251e72e4fd543df54b"
"network/117-original_node.csv","18352","e252333dc656ba5d562b1ffa486214ec617ee0d89c9a4dea3ab90ad335181c24"
"network/118-original_link.csv","49583","a317f6b750a69801b05ef1337ed424a051bb3cda7e1bdbb06770f56474027198"
"network/118-original_node.csv","20640","2cadd1e30646a3337708f6b1d8203806218dfde6b7696faf828b90f7dc8485a2"
"network/119-original_link.csv","84859","2063736a0c8fd88298b704fb6121ba341c901bb43b32b8d01bd0f4592b0f4932"
"network/119-original_node.csv","35059","f596ef7222a4e2457f60f4f807ef72e434134440616f6470494bf1f54bb59827"
"network/12-original_link.csv","48596","5ca86192d3f22fd17c6b6239a4e0babe39daca90e92990e3aca05853fa63fae7"
"network/12-original_node.csv","19331","071bcc4d877eb979f45b8edfb49fe9e1d7be2847821ea228994d72d6b40db2f8"
"network/120-original_link.csv","53311","4054935614310e60b83352ddbcb858cf598e0d017d78cd185883d62b53f7eba6"
"network/120-original_node.csv","22038","9e58276f119fc8a9d3ba8d10c2ec3fe0b82b804dec27589590dee418db1aad55"
"network/121-original_link.csv","97144","2f586314cdfc6fe275e567c2dbff036a99d2e39b935b97231dfb7d24655de061"
"network/121-original_node.csv","40214","17fd3ee71bdfab7006658117711dcd47adc0c3d453f040008785d6693e4d60c8"
"network/122-original_link.csv","67625","3e090724b8e38cca3e1ee998fe16ed9801f8dcd6e97269f1f11827ee6aebc7ce"
"network/122-original_node.csv","28026","86ea37360ff0b98a4789b36dc4183981bf2bfbd937d107300d60b724500b0b91"
"network/123-original_link.csv","86663","6566043506f0235220a654c47679de4b34c9371e3b01ee34ef50a27334ffe72e"
"network/123-original_node.csv","35508","4028e111db38000003579d66e3170cfdee92d0e70329fcf57a5bb9a05c2c5ec7"
"network/124-original_link.csv","101901","ccff2e99308ad2fd0bb3610eae0746aac002e6c5c34a215807db6902181c3e9e"
"network/124-original_node.csv","39251","7cfed51903ed9baa75e360a43fe578e249a2f52d42f7d6a478fcef6458c540ab"
"network/125-original_link.csv","83165","70d071711ec43bc2103916e418e9b1cb98a0eb36bfbe9abfa8e938f833375259"
"network/125-original_node.csv","35199","6d7daf56073e15ce7b8bceb0796db581c61a6700a0ccf8dc212855c372bb2076"
"network/126-original_link.csv","51398","ca056975a2da84ca42c89c60d230ee4651ec04b0f14a7e8dd910cfad26e20947"
"network/126-original_node.csv","25366","1fdc8021b27c29f5a1a98f1bb29a6fc6efe9f4732737d37a594466608c0bb86b"
"network/127-original_link.csv","55514","e181f8a633e179dac751a5d0a5208cdf67daf65d8215d0aec872ab9fc3939a46"
"network/127-original_node.csv","25376","a38a859b1199be95732d64229ff7f6267db409f48fccc8e7dda285321f6919f3"
"network/128-original_link.csv","68925","9eeb5d4623cd0a0ca4ffdea0384be528ace01c546786bcfafa699af8a6c2e777"
"network/128-original_node.csv","31423","bd58355eb82e00bfe5c64eb42dc2041ebc9605c2ef9686a58a30c9b839a6c431"
"network/129-original_link.csv","48238","91b9f9044dd6b63d44eca38c85e485cc6bd8abfad877f9213acbb98857190e88"
"network/129-original_node.csv","20165","9a778a0f47e7541e355e8490cdc07a6446c4c7276cac574c91b41623c7d1f754"
"network/13-original_link.csv","94080","4ece7a12410b1d3e62631d3c15897a8c333fabdbf1cdd99e083df926fc8ed829"
"network/13-original_node.csv","33600","725dc5be3232ccb0b1b2052337d1f3f8a0dbf401520badaf618b6dbbe1586b22"
"network/130-original_link.csv","69171","1f2146299880805ed353b5dbc4361fc7652d6f3dd614223608cf7108ad3acdd5"
"network/130-original_node.csv","30795","73d4cc7977c8935d5ee153913918e14dd4abfb0bc51e44ca81feb21569c23339"
"network/131-original_link.csv","86201","87d89c50e060035a75d46045b9bffa80ba2bd5301c9f1d625ca61a4ccac8108b"
"network/131-original_node.csv","34444","e039228208fef2aca74e05d450dd63abfeae261fc6af5c7e8fc7c737dd83d0ab"
"network/132-original_link.csv","83531","120ec5b961a359036f53f360a87f47625bb6e7335197e20faac3350bc5d153b1"
"network/132-original_node.csv","35841","e56353c4841c561e945601a59bc3ae17407643cf5776fd0a2dda70cd72eb8dc3"
"network/133-original_link.csv","78723","8c3aa903801cef36c30a8d7678da21add19dd08edcfb5f8f7bd65b7cf3d7e8df"
"network/133-original_node.csv","36391","bea9457ffb4a3505830283e2039aa923ba0d158bb95183a805f3d8b03bdef328"
"network/134-original_link.csv","57112","a33e9097d44886f3ab0bc66af4a79bfeeeda5c27b459803732b282eb4b640fe3"
"network/134-original_node.csv","27661","10aa4d64239817107712bf545f0841a66f57cc9f643ed35516ad2a4dfe17bb1a"
"network/135-original_link.csv","83571","0e80009c4e2f49eb2fb5a7cd3aaaca0ede2c7e86cec5b47df4f60d757e25fd9c"
"network/135-original_node.csv","35671","9df1b2b372143108785b112111df8ce2289e9aa3ad40c9cdc1069b9b4e6de88d"
"network/136-original_link.csv","82974","e65394d8285b92f44158505035cd1c793d7ed5016f3ebdab747ba417eb544556"
"network/136-original_node.csv","35070","78354c62d463becbb51bfcb9e1534c3166df6e60316bed81d7f02acfff7cfa7f"
"network/137-original_link.csv","92296","4616b3093020b042676eb9934fb0aa9e8c8a34ba856cb8945d697fa727d8eedf"
"network/137-original_node.csv","36649","4c49809a5791c96a03061973b30dae69d128e90f804bcf29145f3125f230fbbd"
"network/138-original_link.csv","87407","e19ede6911c363040200de1560da390c9a44436c1f522fdaa02a21813578d296"
"network/138-original_node.csv","40213","d832814680dd70c6bd8e875431bd1cc47eb1499f7e80229ec73ad0794f9ddd3f"
"network/139-original_link.csv","15821","2f1f16dbf681b30bd70231ef46d8aa2a65584391cabf949e36abcb88d10859d6"
"network/139-original_node.csv","7814","2f44e66bc1755f6f3f5617769930238b55d2f990f3ccda0d3d6272d4e0b535e4"
"network/14-original_link.csv","15366","61efb293595b901dee89439a576edc126e01a9a2daf017fe8e2d486a43e93714"
"network/14-original_node.csv","6035","c075d5759d4d897dcde5976f9cef568ddeebc0e707f66b5e15d79fa127d0bc23"
"network/140-original_link.csv","97081","bc77f9743ce15732c2013c4e63d64f0e7a5d7689025d7197d750c50ba6766435"
"network/140-original_node.csv","37877","39b91f6bffa8658263bf6a8d6c94aa519933c8c11adfb328de99d39bae5e499c"
"network/15-original_link.csv","85291","8e22dbafb3280fe6c14bf890799b429d6628600536baa7521864388bf237f505"
"network/15-original_node.csv","31454","8f1d666fe049231dcea6ee11db4a5bd16f21f0dbba4353bc9caf8c61c52a6173"
"network/16-original_link.csv","63474","3b91130adb8248b1b6a90b86b013bbf80e4a094aedc6415bb7bfd270aedb9f63"
"network/16-original_node.csv","24472","97ef5af62fdeac4f73b41cc3a049d0b6e007af821a2c65d9a8aded9eff19279f"
"network/17-original_link.csv","43596","5d482ba8be53a70534ac4d2eee14eddff6fe4a39364f7c3db4722d62af13bef0"
"network/17-original_node.csv","18417","5adb3306799a2831f362af9b100be12e504207dfa00955afa2bf0bf8d5b4f31d"
"network/18-original_link.csv","17142","ef2c5ef6d460181771160072cda46534fbf237e8cb5ab52945de6bdbd0807f0e"
"network/18-original_node.csv","6427","8ecfdbb32624b117c52cd3bcfa8d39ad7ccfa72c527debe68ac440757ca80ee0"
"network/19-original_link.csv","22368","43a3cca565ace1d3760041523e89ee98d59e3ff9a9eeb4388f67543e578aeb99"
"network/19-original_node.csv","8343","2334c07dea41c077cf52a2c7236cba6d286984190bdd6c4324f9f837d8316cbb"
"network/2-original_link.csv","20259","e5a9ca00a1398b4be7c8cdc5fceac9f8de7f59618b373bc186c997d7525d0342"
"network/2-original_node.csv","7691","48a2e781c5737d6d3e7e67307f6c5b43f27c13755bb50d0f67af2015c0be731c"
"network/20-original_link.csv","62593","fd76555e99cf303b6906375f0e3c4afe24d7e56aea82f593109f5faac4232cf4"
"network/20-original_node.csv","21871","15f52a1e0a38f0faf4e5f177805e41f349ed9e179816e389c8eaa2a7d3f1f291"
"network/21-original_link.csv","16507","476427939c6b01c413b8c775adb47c3676deb9b2b7596ca089b881faab1be7df"
"network/21-original_node.csv","6022","e5669f24c68ae108e2f91f3793d1598df3384482888c1ea13ad7a50790d5568a"
"network/22-original_link.csv","14748","e6c27eda669a3c4efd003a69352fddeac802fe37fd52aa8fb576597ed7a34694"
"network/22-original_node.csv","6424","5d259e654e869e74339c1ca8d5cfe768b4945547be126b8ee89547ca9feee5d5"
"network/23-original_link.csv","56685","9a478effa89472e49c767fb23e89a5cbe44031aefff5af3ae807658b0f346f26"
"network/23-original_node.csv","20551","e2abf5f772cf320359fe69850ad7f2bb5115cf5219737c81d7ebe80277513400"
"network/24-original_link.csv","54345","95160f28ab47c93c58376ea40d1803b7d797fba2495f8823d1ea212d080109cd"
"network/24-original_node.csv","21182","ab625537e7de20ce2d63e3f6a79660aca40d48f3a6851fd2895484702c43eee8"
"network/25-original_link.csv","25223","2717c11a34e3edb98f189b945ab26b5682c1299b5f1263808d4e9f408c210c89"
"network/25-original_node.csv","10218","3c0b84a119066006dd28ef48b3ec37c70a0eb31a0d27649de5174c6f0a9df0e3"
"network/26-original_link.csv","17302","9a41a0a23e362f5ca6dbd04b1219d158405d52180b75d39844a4c053383e189e"
"network/26-original_node.csv","7005","48d9496ca4c589700b767c4781b367e5b957850203c32ef7415ee3f7e5b1bb8e"
"network/27-original_link.csv","24744","579e65b3086800c4fc576da98c2e514c5d83cc9c039c7ea66559f913c8ab4104"
"network/27-original_node.csv","9500","5f6e3c6f4cdb1a6f88f6575d996e2239ea3a42b11090ee4d6a4c23839dd3a5ac"
"network/28-original_link.csv","37661","cc32f87fd7d15abba0dc15e42d4b15f0968684f4a8415369986563cfce7f6916"
"network/28-original_node.csv","12962","62d5dfdb5dda0c7a40e49cb68d4e11cf5281ed527adc9a50642dd59bf364ed13"
"network/29-original_link.csv","36946","786a4f219430a5ac6915abbd6a93c84f68b3e579660bdf3dce47801b88200c16"
"network/29-original_node.csv","13462","63d6fab8a8c7b2bc05261ab329b100249804233a9429fa29ea1aec775c09a0f9"
"network/3-original_link.csv","35555","71d2e29c460f63e9b080fdff3a69f748bb4e1875fb00219b0fce971ce736105e"
"network/3-original_node.csv","13891","0286df5c6cd01c7b1f909d84f07b68a5bbbbdb6dc39afb192becf69eba37a1fc"
"network/30-original_link.csv","25852","e92663b82f937339c135a2eaf00ab0e54e2b74886fdfa615ab7a887f999676f9"
"network/30-original_node.csv","10346","d8302e8dd399520777ea83e4c2742dfd20e82d262a78aa621b04a3b21e65e9d0"
"network/31-original_link.csv","29725","3dd9cffd15dccc4b6a8ef1d5605c102e3161178bf0d61feafff9a8133448f712"
"network/31-original_node.csv","12501","bb9e9de3cc2e09bf152b32664060ffd9e5d16bdb5069ae02c8e636f1128afde4"
"network/32-original_link.csv","93315","9e6dcdfb73fb31e8ab91b9e404defd9dba6ef49c8156868e2eec86d47ee034a1"
"network/32-original_node.csv","36378","a97053756624111bac8885ba94e5a327a9274d2719d2195340362087546bee09"
"network/33-original_link.csv","37594","2bdb43ecc396009ad9b3097ad1e4314bebc5ad3017ce60c4e730c7ac26c7c5cb"
"network/33-original_node.csv","15928","fd21b3853e64a7650f10965e1b0044a7bea3a081368e72cfc9e9649736a4a59c"
"network/34-original_link.csv","13702","ae021c0afb027cb6f8e0ef20febf39538d0364e45ba3a849c8a77b858cdc37f9"
"network/34-original_node.csv","5721","a4981d8c38226fa648506740fb737b27f879dcdb1b5d9ad0977e9aff5806fbca"
"network/35-original_link.csv","21300","b186af293a3cc4e238f9069b564127967899fe267b44cc98c8d701a5e863246b"
"network/35-original_node.csv","8541","f0ed9e29b777b8cf7a279cdbdba109189328630a781d72b62e0a7814bf76229e"
"network/36-original_link.csv","13946","8d0d097042cc3caf0bf4e8cecfef452a7ff7e52b3c5795fee15dfb3b10b5635e"
"network/36-original_node.csv","5609","216cda53f7fc25921e17e807b18b5d337d838b519fa135d7ebff7dad0b632c1b"
"network/37-original_link.csv","8701","1359be2b49557bab197ae2d371b761c5883da3525acd7883be024e86daaac709"
"network/37-original_node.csv","4077","e8311871961538b241f80d99e96649b88250a362c361084355382e1261ac2feb"
"network/38-original_link.csv","44455","802861ac3ed65de6db8ec6bba6ee799a6072a9bf877403cb2e2341ce553e43b0"
"network/38-original_node.csv","17400","73a8848bb5689ea3f04b8966fe07477cfe9cc053dd976c304c069c30addcad66"
"network/39-original_link.csv","42187","d165d44e2bc6af63ca9b5cf00dd420f152c52122a89e012529f980df545bcc62"
"network/39-original_node.csv","18018","feb405d4a27c57c73a83eb7ad9a8105568882cc3550cbbe62325c9620b6acc94"
"network/4-original_link.csv","38365","cefabaf174a546fd27f64b5e09733872717e7d7d27ae8f19e99f80706a7e43ba"
"network/4-original_node.csv","15203","7fc2ac54a4324ee45f9f5f6f6434d238378b89e76c87558f5e2134b5d808958b"
"network/40-original_link.csv","27390","b3bc6658bc2d41aa76ef230691acfe947307e843340dc84c62e964092b9c3c48"
"network/40-original_node.csv","11215","e35c5b1a6d9ef995e9c61d91b3a14dd5478f0c36fc9b515af79203d266fc59dd"
"network/41-original_link.csv","12687","65a556c5986a673db0af8baffcaad3a1a35c680f71c2b198fe284cbc4b07dcc6"
"network/41-original_node.csv","6303","ab862ff0831ead1c55f7333094610aa580f368a0dbc9d0d6e1b640c2a40ee667"
"network/42-original_link.csv","99951","cfa81f36bd0924f42c6f51fa2981632dcbdc90526d912ddbccacf8b93af5aaa3"
"network/42-original_node.csv","38568","23edcefd9168adcc804ecc1621fb5c40bf49d4b39d522449de5947977b1dd368"
"network/43-original_link.csv","32230","2dfb1127500abc2a3a24d3fdd6d18bfd82ea44646dbe5de983b95eb7499cbafd"
"network/43-original_node.csv","12143","553b59d2322330885581a9391d717da2b9b5c8d206f55aea490514eb94c7c0d5"
"network/44-original_link.csv","68564","fdca6c31d9a74d32fb342a044068206e38f724331957a294e8b8b50f1a5429e4"
"network/44-original_node.csv","27766","bd2e49478ce1bfaca49d5af7dd046c54a7a84488501a650f861de15eb2bde503"
"network/45-original_link.csv","11414","d240b35bb8d4b454203bc4d9632aae5cfadc25905243c1e0d24b9b629b330987"
"network/45-original_node.csv","4457","83c025e3b2753d0ee43ea797721a0831fbd7fe1a42529d2f81dc6cd09d585e64"
"network/46-original_link.csv","70699","642b49adc0aa2c5b28713bea83e03fc264774b6ff7fe017332d4ac4d78484d72"
"network/46-original_node.csv","30486","6163c7eb36dab024ecc24b64eb8c21c8b5de041889523032cf732900b4863ae6"
"network/47-original_link.csv","14375","47356d4e16501c4d8edefb1041d168c8863b496326a919a3f9a586a9eb244caa"
"network/47-original_node.csv","5962","1b70313e1c47be4373cd98a6b22a748621842dcbca76539aad172f6692d52608"
"network/48-original_link.csv","12654","64f4c56338f2917f314adab19cda0084a59352d2c906db71418eeb06f330c2d5"
"network/48-original_node.csv","5683","25eb59703273f653d43613bed76ec772c01c579094e3e13850457a10fd0c17d4"
"network/49-original_link.csv","91396","39015c08502e2e0e690fc9a23d4a52ddd9a20fc08eac94f17b256b99f88435df"
"network/49-original_node.csv","36071","8c59d9de2331afc6de951ca329137ae764bfd7b861285456bbc81fd11bbb8c6d"
"network/5-original_link.csv","18526","7d6b74b3f4d54e0af8d4d5f022965ff4b17d639b580626a783a1dcdc48fea236"
"network/5-original_node.csv","7453","c80728161f6fa4a10187d944d1e83ab93f71e7a5689325119cfb541125ae26f9"
"network/50-original_link.csv","54644","97b3336698060675c29b793852358b3c76b2fd9d10b5d27609cdff289a921d90"
"network/50-original_node.csv","22404","5fbcfc30dea89f76f488dc758a37b11aa499120bcc603ab3eefb4f1700b144ac"
"network/51-original_link.csv","15419","2f72b5d6685d820dde9d9e2039936769c02be6d41eb2bc50a6a15f5f24008fc7"
"network/51-original_node.csv","6326","434f68fc77df5bcd963385e8034ffbbfd3fc95e3e7863771392b3108b6e66738"
"network/52-original_link.csv","19492","0671177393741aeecb7aafb13d361d7b842ec8cf9e0eec0f5f6b58ba29e37fd8"
"network/52-original_node.csv","8924","911a28bdf28055910e432e3fd3fa488f0ab167e3168395200323cebf6fffe518"
"network/53-original_link.csv","41384","358ea500b84cfdd2a8ded31bc33854010ef23acfa1c33d8bc199d5ba550add35"
"network/53-original_node.csv","18040","df3791aa77bfa23221dff973747d753157d6a6b26ce108bc7120e2c828a8f5ea"
"network/54-original_link.csv","16608","58bf759ddb4642316b24ccfc2b9a7b5779300f85eb982e890726117fa6efda2b"
"network/54-original_node.csv","7358","528ce7f7d0dfa601d81363418c302b190477eb90218c3d0843e6bb6c57441c0b"
"network/55-original_link.csv","10819","ab6b691aff5b65b5cc1dc096223512f8da484cb8a711cc1df4a61b0c12a012ba"
"network/55-original_node.csv","4478","890df9bc14c0e1c4080fa424cf7d33b8a9ab066a1cf6314e21853e770eca8869"
"network/56-original_link.csv","36666","68d552b674cae97d1605f03d1f1116ad008341c7abee8a5b8e19088de6780204"
"network/56-original_node.csv","15147","1bf7a44a7e69e416408626d6b09b33dcb97094f53367627d9a4de4e87f8d2ec9"
"network/57-original_link.csv","115165","844bf77fc44084ba42057e04b90a266314199f7bad6f806fc55a9d74e99a9864"
"network/57-original_node.csv","40645","74728f6e35752bd12f473dd868165536f1237c9fc60eaeb5592c212661117098"
"network/58-original_link.csv","86923","04040f89d0f2dd289a71476e27a0f6d0855695b717041f67fd5a2a7cae2b18e5"
"network/58-original_node.csv","30490","7ebaee4aef20545b9caea911bfac06a2bc33b43e533636d481d088496b2ad290"
"network/59-original_link.csv","95680","46f3fc00e0cbc214b2410237e5663803cbcd52e27af9cdc4fdde5bb64d2fd2aa"
"network/59-original_node.csv","40412","57a2b6f7f41c2f3235e66d8f70b7db17cee496b5170ad2cb691ec3867f2df065"
"network/6-original_link.csv","16282","91489fefd073547b629497979e72ae2f95e6ea78ad96f153a702c0eae7a0e19c"
"network/6-original_node.csv","6716","6ca9ef168470cb1bafdfdfe6666d6821aff597688d012467609b094c8cc8dcf6"
"network/60-original_link.csv","37700","17d8dedad134f71f88920b60dc4e8a7bc3599c8a8e350ea1a39599d6cc4afdc6"
"network/60-original_node.csv","14847","91845a303a2929a248d900c5f5a89bd035307487b120f7ebab6b7e930e096c19"
"network/61-original_link.csv","22870","3ef9b2f27118dc1f011eeabf6f4e2aef0299888317388d59846a15d613cd1ef7"
"network/61-original_node.csv","8455","d15acb608ff16a3da657a7faf48a840d8d3b5dc101d71b894cbe251546ad90b8"
"network/62-original_link.csv","77970","ca0db2e8611beb960de3c0822ab0bb5bd5d1fb7ed273560371cc04c6065565f4"
"network/62-original_node.csv","30786","1a67cda884f9ab567c27539167cd754828704914252c9512b386e749467f2b09"
"network/63-original_link.csv","56994","1d480c4a883a2d296bb67f8ac19a4d38798133e005040408a4110d8722eae335"
"network/63-original_node.csv","19418","bf19f7c80d472c5da1922fb8f41fcc8a6fa61134db47761b0ff4756dc60f31bb"
"network/64-original_link.csv","11606","8f6ccfae06ac9d48b77818734e5361b428af72be466d5d960109a61f2fc3398f"
"network/64-original_node.csv","4913","3a60973fbd7a1e6b47307db21d0aac3ba4711e7aea4a449f284234adf1ca6d76"
"network/65-original_link.csv","10598","9dafd857d2f95a065473b2394b18e6b9de6fafe99568dcdd1d3ad1310fb48be7"
"network/65-original_node.csv","4111","0feb0050e35d4c638c9360ee73e7eaf2ccc74f69b99ed4ea57807c84a1355ee0"
"network/66-original_link.csv","58979","7f4763735bf807c7c9053b59ee7914acbfe3e123a99651a64f274650cd380107"
"network/66-original_node.csv","23238","30f5414aab20a86d454505e94a0b4512d74cfb9712ea6ccd21a5cd02fe7eff35"
"network/67-original_link.csv","91217","1f4573ccb9913cc2b5fb1d102e39db1c7723dcec80290763438d4551cafeeeda"
"network/67-original_node.csv","33249","51ccbd10f7bc8d58a4d99cd0d5aa2e701082553a5ac0a99725bba4bb7f7db7f0"
"network/68-original_link.csv","95296","a26c866ace5e545d282709ebdfbdfc3f3b27ef2470882bc04971da74e52a77bd"
"network/68-original_node.csv","33366","d26b533765f6d323567a711e49bc1f09921f3d5a1581391471e5a2370a1c91f5"
"network/69-original_link.csv","52502","8adf5fe4efe95849896fd4186fba9dab71da3e50604819e90e3130d1317271c8"
"network/69-original_node.csv","20796","85488a1fbae253d9d81401425a435c42698fc42f89754458219566518451d83f"
"network/7-original_link.csv","29189","d038ea7c0759bd420257b09d5aa6064bd43d14e71360ba4c1f673e7e3ba28308"
"network/7-original_node.csv","12059","cf1d3f591c4b83244c355b3087f4e2f0fbab163bcab238780c49197717a252e5"
"network/70-original_link.csv","20617","364946f3a0202c8425a3e25aed2bbfa5289aaf67123aaa26a11196a5f20544c9"
"network/70-original_node.csv","7784","e10f117aaa00d11fa464fa5b7f9a852f48437522b5f32df030b0365837b6766c"
"network/71-original_link.csv","70672","b19166197339f2254eeea8eb46a38f6e6fe637324385dd5405d77bf339c19a78"
"network/71-original_node.csv","27753","62150943b9780224d9bdc5cce4fbe73a314ac78dc1aa0e3f1dfe2e9076d3769b"
"network/72-original_link.csv","48551","86a4c5e0940fd46c06882af9a41a74be90ab93a922195ef3f480d53dca449b1c"
"network/72-original_node.csv","18805","5bd979d4a4d5180cb3ee101a62dc85a9e1e232406b27de0ddd742ccc7fe3a6e6"
"network/73-original_link.csv","54317","36d9593e7225ef0a812c78e34e7321646d904569795ace74768b4cc9b097dd2d"
"network/73-original_node.csv","17346","4df72168781ad20a7f69c211b7f6be1a5a1fb2a75e954c376e83e2a128741d74"
"network/74-original_link.csv","42338","27e82cc4232a9f034750954454fb7b656f231dadfaa1e5a19949986dc55294b7"
"network/74-original_node.csv","16196","4601e35b7cfa1b0b9fdc022009c5697a6b9bf51c8fb25cc6a99011795bd84b59"
"network/75-original_link.csv","46131","6dbb9e442497a64c0b9522ff0773ef50d65b460c9a2c0121e97a045bbac396b0"
"network/75-original_node.csv","17645","29b63bb347d438ca7c9b4db9eee91a643a5d0c8c540d54b19d43aaef9b3d3059"
"network/76-original_link.csv","48754","4dbc6cf89073e2af340933144c16e72f981c15fb45313d37ef95b0dc1c458437"
"network/76-original_node.csv","19031","5a2987e21bb08d5769fc1e2f8f9b0745cbd41ed86f44fa120dbdf79b17f7f48d"
"network/77-original_link.csv","60389","63bba2bcc60d4e501841be971c8f5f3b500a5c8e085d84faf6579308914b8dc5"
"network/77-original_node.csv","23812","074df9ed1cb632651aaefee3bc154384168c27c94d4a87d3bce280aa8599989f"
"network/78-original_link.csv","91036","a9ee190f970ff835e5de3e57a0d25c4927f5b44865cf7df8c3618b6c18f42ccd"
"network/78-original_node.csv","37988","1b87eae2ed6b456a161e579fcdc47c541a3e0c9f01020be58f58fbcec015650c"
"network/79-original_link.csv","24337","22cf7ab03e9526116fe5469d7e4283c81fff890dff6d9b44e8182f7e53e22bd0"
"network/79-original_node.csv","9958","45f3cf87e9a580b58f5246c44e5dfa17b659d29c22de97037ae8b2a1e361cfb5"
"network/8-original_link.csv","92125","f4f71f1d7dc07ca22e2ebbd25ff5831a28f0cdaee4c14f9d14bd86f6b59d6716"
"network/8-original_node.csv","33386","531d75fa2e5e11c0a62781ab3d0f0d04781d5eeb0f8b33cf6e7e574d3060d4e8"
"network/80-original_link.csv","13642","0643d439782f918b738c4df1ce26c713b950c67fabb52afed659b4769ad355f4"
"network/80-original_node.csv","5180","5cf695615d7549feeee78c41e0389567030cd083865e08a8663f1370e6a9ad8e"
"network/81-original_link.csv","79299","f3f8ec689a63d893bbbdbe605dc1819601f0b85eebac03a1aff134cb183978c0"
"network/81-original_node.csv","29697","7d616e9eb6f5956f8ac2c207feeadda318c6ccdc7be753a6493c5edd18068b98"
"network/82-original_link.csv","27263","f75f11e1bc0979ebc50967b9d699f7b60f5da18f607cb718043cab625c328298"
"network/82-original_node.csv","9604","c96173d815ef7c5b5dc17124a9e4c0a00fca1ec82c76eff9cfe4e9e0e8e79412"
"network/83-original_link.csv","20036","8152ff3a39c74c0684bd25efac0282932b14a62197dd78b685ff1a11c6f3a0e0"
"network/83-original_node.csv","6676","8711befa0b8f61e622bca5ff19e72ca9f9a9f5702d9b694f135aa867d5ebeaa4"
"network/84-original_link.csv","16475","ae4b549e444f54e4eeaf4d9881d394b9d0350b1e213d378ea3072331b9123035"
"network/84-original_node.csv","6334","ac714bbe4b50c228c081a24ddd78946a0af11212690b3170e7d663842c099e00"
"network/85-original_link.csv","100582","03662957686fbd773594f155b230c7ba94f185e8852c6de6f8f8c5f9367cd592"
"network/85-original_node.csv","41033","d67c08fbe807063cbed961956b95901eaa2588c531f455bca621238027066d12"
"network/86-original_link.csv","14776","8c1a25780b1d0b0aca9d27a3d93f450dceab6e5fb6b3eb1f39268f997942ff2c"
"network/86-original_node.csv","5928","03a620bffb76a814d738a5bdc02c64ccea02ea7f6e396292a2bfad888f9637ae"
"network/87-original_link.csv","76248","7709742cb9abec3998366e72eabdbb78f519c165f6dba6bc36e2574b752177ca"
"network/87-original_node.csv","29931","f52af3f8f3c4c1411cb1b4e764b99af75541813a7d0c2f9eebbc206f2306d6de"
"network/88-original_link.csv","55613","30a7a54b2e2d32114c97cccc6aebfe8f38acfcb1b1e5bc6e0f5f5883eccea315"
"network/88-original_node.csv","22920","bb4b6ae94cdabe6dd373ba8b367abe932c12c23169a801c6eb85f0ac2f85d63a"
"network/89-original_link.csv","14936","c93574ea2791f5e2bf83165b2028f6346bcbc54f92c1db6b2ae99bd66386047a"
"network/89-original_node.csv","6133","b8127a44f1f613ddea3f98907749b4c16dcdc923a0fc375931a4c3600a53fd57"
"network/9-original_link.csv","39457","be3be3ca467ee7bbbefcfb37282211d85352907220ae4504fab95bc19f93e535"
"network/9-original_node.csv","16388","58ad322f601e9ac44cfeb8d40eeac88f162e98039bb50a1b1ac36313e732213e"
"network/90-original_link.csv","10378","12e40ddd3084ea804e85805b44929d6d280bd23be8d0acb0ad03e6974e65fd21"
"network/90-original_node.csv","4518","ec8fcb85a96db915d8fe2af7324d6ba124dab51abcc0a44e3c70b891d158d956"
"network/91-original_link.csv","103142","b76ec8e4dfe6478b18b646356373eb57472f8b5b0d17d8dec8a1619b2e6dffe8"
"network/91-original_node.csv","39711","e90fa7a744fc2500387f97a123dd92ab3ccc75e6d5b272a6b071315254e7182e"
"network/92-original_link.csv","86774","723bb1aa78942711f505b97a4ed905cad55606537a8669b52a7a4e5b21e275a4"
"network/92-original_node.csv","35326","8e3a6a9fa22aa1d5de214ed5535103daa30948b7b41abf92b2329ef784af89fa"
"network/93-original_link.csv","103151","46c0315ae2186f658991c80e50eef637b1eedf9c0d654e3fd6219824e91ae10b"
"network/93-original_node.csv","39530","11b0cb4eaa063db6fdbc6e4c2a343beb42adbb64cc552bc938746c1d894401b9"
"network/94-original_link.csv","64495","749893cab0187b23045f7d1836ff7f24f3eb5f61913031457d01b231b970724e"
"network/94-original_node.csv","27273","ccf39d330329606452836642957d2e857187c2d7776821f7c7a4ac85d8db502f"
"network/95-original_link.csv","104434","8af054bbc6e71c15b77400ce5d25152eb59137d41fd13274b5dd287f784570dc"
"network/95-original_node.csv","39177","ced9e8e2c7ea20ea25a091d7f618da3da4a62993df0bd999906812d7e957554c"
"network/96-original_link.csv","51467","dcd886d2e73b444dd777ec87bee0a2fbfc87d1be3d1787228f0f1c77077a3bd9"
"network/96-original_node.csv","22016","39e0f2e34bac674948b11ba811e202633f786fca98172f8f7a04177665d9e980"
"network/97-original_link.csv","86563","4bcf8f83675806581d27df233b23f3e1983f521942788e6df9582b5b5d1afed7"
"network/97-original_node.csv","35283","3e85bb9c7ed9a40e9116840b62d5d987f71b8a9a465110d1e5f9bc666ed6f541"
"network/98-original_link.csv","49609","684a656f65db8c131b9a793aca9e9cba458964b6862c978e3b9f0cc0996d413b"
"network/98-original_node.csv","20886","8fef1cf942f1cfb544add1dc2d4ca4e4eb6ea5db5d51933b82bd8ddea00fa880"
"network/99-original_link.csv","46342","0459b14c39e6d0aa0f4e5dff8f4b109aa0d49a26f85912a84cfe1f690b446084"
"network/99-original_node.csv","19489","aee23907617a3d07cd03ed2574395fcbcebffabb18919597b523005499f924c9"
